{
   "Aundh" : {
      "healthCentres" : "<table class=budget><tr><th>ward</th><th>Hospital/Dispensary</th><th>Address</th></tr><tr><td>6</td><td>Sanjay Gandhi Hospital</td><td>Bopodi, Old Bombay-Pune Road</td></tr><tr><td>6</td><td>Trauma, Sahaydri hospital</td><td>Mumbai-Pune road.</td></tr><tr><td>6</td><td>Baburao Shewale Dispensary</td><td>Near Ambedkar Chowk, Aundh Road</td></tr><tr><td>8</td><td>Aundh Kutir Hospital</td><td>Near AIIMS Aundh Gaon</td></tr><tr><td>10</td><td>Shahdeo Nimhare Dispensary</td><td>Pashan Gaothan</td></tr></table>",
      "parks" : "<table class=budget><tr><th>ward</th><th>Park</th><th>Address</th></tr><tr><td>6</td><td>Shri Shivaji park</td><td>Bhau Patil road, Bopodi</td></tr><tr><td>6</td><td>Hind Smashanbhumi</td><td>Bhau Patil road, Bopodi</td></tr><tr><td>8</td><td>Marutrao Gaikwad park</td><td>Aundh Gaon</td></tr><tr><td>8</td><td>park</td><td>Someshwarwadi temple</td></tr><tr><td>10</td><td>Sutarwadi park</td><td>Pashan Lake</td></tr><tr><td>10</td><td>Pashan park</td><td>Eknath Nagar road</td></tr><tr><td>10</td><td>Pashan park</td><td>Panchvati soc.</td></tr></table>",
      "payToilets" : "<table class=budget><tr><th>ward</th><th>Address</th></tr><tr><td>6</td><td>Haris Bridge, Gandhi Nagar</td></tr><tr><td>6</td><td>Haris Bridge, Gandhi Nagar</td></tr><tr><td>6</td><td>Near S.N 57 Railway Line</td></tr><tr><td>6</td><td>Mutton Market, Bopodi.</td></tr><tr><td>6</td><td>BhoiteVasti Dabar Chawl</td></tr><tr><td>6</td><td>Near Bohitevasti Railway Bridge</td></tr><tr><td>6</td><td>Bhoitevasti Indiranagar</td></tr><tr><td>6</td><td>Near Shevti Bhinti</td></tr><tr><td>6</td><td>Indiravasti Dabar Chawl</td></tr><tr><td>6</td><td>Near Bhori Chawl Railway Line</td></tr><tr><td>6</td><td>Chikkalwadi health Centre</td></tr><tr><td>6</td><td>Near Chikkalwadi Vakhar</td></tr><tr><td>6</td><td>S.N 53, 54 Bhau Patil Road</td></tr><tr><td>6</td><td>Deubhai Chawl Near Railway</td></tr><tr><td>6</td><td>S.N 24, 25 in front of Vaghmare's House</td></tr><tr><td>6</td><td>Near Vitthal Mandir Road</td></tr><tr><td>6</td><td>Near S.N 26 Baudh Vihar, Bopodi</td></tr><tr><td>6</td><td>Near S.N 26 Jagtap's House</td></tr><tr><td>6</td><td>Near S.N 25 Teke's House</td></tr><tr><td>6</td><td>S.N 25 Jai Vijay Dumjali</td></tr><tr><td>6</td><td>Near Pavle Flour Mill</td></tr><tr><td>6</td><td>Near S.N 24 Mhaske's House</td></tr><tr><td>6</td><td>Loharvasti</td></tr><tr><td>6</td><td>Loharvasti</td></tr><tr><td>6</td><td>Ganesh Nagar</td></tr><tr><td>6</td><td>Near Pathan Chawl Railway Line</td></tr><tr><td>6</td><td>Near Pathan Chawl Railway Line</td></tr><tr><td>7</td><td>Siddharth Nagar, Aundh</td></tr><tr><td>7</td><td>Sanjay Nagar, Spicer</td></tr><tr><td>7</td><td>S.N 38 Bhau Patil Road</td></tr><tr><td>7</td><td>S.N 37 Bhau Patil Road</td></tr><tr><td>7</td><td>Behind Bhairoba Temple</td></tr><tr><td>7</td><td>Chandramani Sangh</td></tr><tr><td>7</td><td>Chandramani Sangh near Sapkal's House</td></tr><tr><td>7</td><td>S.N 29 Baudh Vihar Barathe Chawl</td></tr><tr><td>7</td><td>Sheela Barathe Chawl</td></tr><tr><td>7</td><td>S.N 37 Chavan Vasti</td></tr><tr><td>7</td><td>Kamble Vasti</td></tr><tr><td>7</td><td>New Kmable Vasti</td></tr><tr><td>7</td><td>Kamble Vasti, Near Vakhar</td></tr><tr><td>7</td><td>Near Kasturba Vasahat Kaman</td></tr><tr><td>7</td><td>In Front of Junwane School</td></tr><tr><td>7</td><td>Near Indira Vasahat Ground</td></tr><tr><td>7</td><td>Near Indira Balwadi</td></tr></table>",
      "primarySchools" : "<table class=budget><tr><th>ward</th><th>School</th><th>Address</th></tr><tr><td>6</td><td>Dr. Rajendra Prasad School</td><td>Vegetable Market, Bopodi</td></tr><tr><td>6</td><td>Dr. Radhakrishna School</td><td>Bopodi Gaothan sr. no. 26</td></tr><tr><td>6</td><td>Dr. Zakir Hussain School</td><td>Bopodi Gaothan sr. no. 27</td></tr><tr><td>6</td><td>Pattasi Bai Chhajed school</td><td>Bopodi Gaothan sr. no. 28</td></tr><tr><td>6</td><td>Ramabai Ambedkar school</td><td>Chikkalwadi, Bopodi</td></tr><tr><td>6</td><td>Pawar English Medium School</td><td>Bopodi Gaothan sr. no. 29</td></tr><tr><td>7</td><td>Ahilyadevi Holkar School</td><td>Chavannagar, Baner road.</td></tr><tr><td>7</td><td>Khanderao Junwane school</td><td>Kasturba Vasahat, Aundh</td></tr><tr><td>7</td><td>Swami Vivekananda School</td><td>University Gate</td></tr><tr><td>7</td><td>Chavan School</td><td>Near Police Quarters, Pashan</td></tr><tr><td>8</td><td>Indira Gandhi School</td><td>Near AIIMS Hospital, Aundh Gaon</td></tr><tr><td>8</td><td>Sanjay Nimhan School</td><td>Pashan, Pune-21</td></tr><tr><td>8</td><td>Golvarkar Guruji School</td><td>Near AIIMS Hospital, Aundh Gaon</td></tr><tr><td>8</td><td>Vasant Dada Patil School</td><td>Opposite Someshwarwadi Temple</td></tr><tr><td>9</td><td>Katake School</td><td>Baner Gaon</td></tr><tr><td>9</td><td>Balwarkar School</td><td>Balewadi Gaothan</td></tr><tr><td>9</td><td>Sant Tukaram School</td><td>Sus Road, Pashan</td></tr><tr><td>10</td><td>Venu Tai School</td><td>Sutarwadi</td></tr></table>",
      "publicToilets" : "<table class=budget><tr><th>ward</th><th>Address</th></tr><tr><td>6</td><td>Teli Chawl</td></tr><tr><td>6</td><td>Behind Old Chowki, Bopodi Chowk</td></tr><tr><td>6</td><td>Near Chikkalwadi Vakahar</td></tr><tr><td>6</td><td>Near Chikkalwadi Vakahar</td></tr><tr><td>6</td><td>Near Chikkalwadi Vakahar</td></tr><tr><td>6</td><td>Near Shivsena Kachehri, Bhau Patil Road</td></tr><tr><td>6</td><td>Near Adarsh Nagar, River side</td></tr><tr><td>6</td><td>Near Adarsh Nagar, River side</td></tr><tr><td>6</td><td>In Front of Ganpati Temple S.N 26, Bopodi</td></tr><tr><td>6</td><td>In Front of Ganpati Temple S.N 26, Bopodi</td></tr><tr><td>6</td><td>In Front of Ganpati Temple S.N 26, Bopodi</td></tr><tr><td>6</td><td>Near Naik Chawl</td></tr><tr><td>6</td><td>Near Petrol Pump</td></tr><tr><td>6</td><td>Mitra Nagar, Bhau Patil Road</td></tr><tr><td>6</td><td>Mumbai-Pune road,  Hamal Chawl</td></tr><tr><td>6</td><td>Agarwal Chawl, Elphinstone Road, behind Dudh Kendra</td></tr><tr><td>6</td><td>Gural Chawl, in front ofKohinoor Classic</td></tr><tr><td>6</td><td>In front of Kohinoor Classic</td></tr><tr><td>6</td><td>Behind Ciba Soc</td></tr><tr><td>7</td><td>Behind Patil's house</td></tr><tr><td>7</td><td>Behind Bhairavnath Temple</td></tr><tr><td>7</td><td>Near Chandramani Sangh Audha</td></tr><tr><td>7</td><td>Near Venu Vihar</td></tr><tr><td>7</td><td>Kamble Vasti</td></tr><tr><td>7</td><td>S.N 38 Near Patel's House</td></tr><tr><td>7</td><td>Bramen Chowk</td></tr><tr><td>7</td><td>Near kasturba Vasahat kaman</td></tr><tr><td>7</td><td>NearbJunwane School</td></tr><tr><td>7</td><td>Kasturba Vasahat</td></tr><tr><td>7</td><td>Near Valmiki Temple, Indira Vasahat</td></tr><tr><td>8</td><td>Ranavde Lane, Aundh</td></tr><tr><td>8</td><td>Vitthal Temple, aundh</td></tr><tr><td>8</td><td>Somaeshwarwadi Audha</td></tr><tr><td>8</td><td>Near Laxman Tanda Hajeri Kothi</td></tr><tr><td>8</td><td>In Middle of Laxman Tanda</td></tr><tr><td>8</td><td>Near Balwadi,  Sanjay Gandhi Vasahat</td></tr><tr><td>8</td><td>Rayat Education Institution, Aundh</td></tr><tr><td>8</td><td>Golwakar Guruji</td></tr><tr><td>8</td><td>D.P Road Ambedkar Slum</td></tr><tr><td>8</td><td>Near, Gurudwara</td></tr><tr><td>8</td><td>Hajeri Kothi, Sanjay Gandhi Vasahat</td></tr><tr><td>8</td><td>Behind Balwadi, Sanjay Gandhi Vasahat</td></tr><tr><td>8</td><td>Near Bandwala, Sanjay Gandhi Vasahat</td></tr><tr><td>8</td><td>Near Someshwarwadi Audh</td></tr><tr><td>8</td><td>Near Padhyavati Temple, Someshwarwadi Park</td></tr></table>"
   },
   "Bhawani Peth" : {
      "govtToilets" : "<table class=budget><tr><th>ward</th><th>Location</th></tr><tr><td>39</td><td>Somawar Peth</td></tr><tr><td>39</td><td>Somawar Peth</td></tr><tr><td>39</td><td>Rasta Peth</td></tr><tr><td>39</td><td>Rasta Peth</td></tr><tr><td>47</td><td>370 Nana Peth.</td></tr><tr><td>47</td><td>370 Nana Peth.</td></tr><tr><td>47</td><td>370 Nana Peth.</td></tr><tr><td>47</td><td>370 Nana Peth.</td></tr><tr><td>47</td><td>446 Harkanagar Bhawani Peth, Pune</td></tr><tr><td>47</td><td>446 Harkanagar Bhawani Peth, Pune</td></tr><tr><td>48</td><td>1142 Bhawani Peth</td></tr><tr><td>48</td><td>NA</td></tr><tr><td>60</td><td>Near Pmc Colony No 6</td></tr><tr><td>60</td><td>Near Mith Janj Police Chowki</td></tr><tr><td>60</td><td>NA</td></tr><tr><td>60</td><td>NA</td></tr><tr><td>60</td><td>531 Bhawani Peth, Pune 42</td></tr><tr><td>65</td><td>531 Bhawani Peth, Pune 42</td></tr><tr><td>65</td><td>NA</td></tr><tr><td>65</td><td>NA</td></tr><tr><td>65</td><td>NA</td></tr><tr><td>65</td><td>NA</td></tr><tr><td>65</td><td>NA</td></tr><tr><td>65</td><td>Near Ghorpade Udyaan</td></tr><tr><td>65</td><td>Near Ghorpade Udyaan</td></tr></table>",
      "primarySchools" : "<table class=budget><tr><th>ward</th><th>NAME</th><th>ADDRESS</th></tr><tr><td>39</td><td>Bholagir Pmc School No 4 B English,</td><td>Somawar Peth</td></tr><tr><td>39</td><td>Bholagir Pmc School No 4 B Marathi,</td><td>Somawar Peth</td></tr><tr><td>39</td><td>S.G. Barve School 19 B,</td><td>Rasta Peth</td></tr><tr><td>39</td><td>K.C. Thackerey School</td><td>Rasta Peth</td></tr><tr><td>47</td><td>K. Shantabai Ladkat School, Marathi</td><td>Nehru Road</td></tr><tr><td>47</td><td>K. Shantabai Ladkat School, English</td><td>Nehru Road</td></tr><tr><td>47</td><td>K. Shantabai Ladkat School, Urdu</td><td>Nehru Road</td></tr><tr><td>47</td><td>K. Shantabai Ladkat School, Urdu</td><td>Nehru Road</td></tr><tr><td>47</td><td>Maharshi Harkadas Vidya Mandir School No 29 B, Marathi</td><td>446 Harkanagar Bhawani Peth, Pune</td></tr><tr><td>47</td><td>Maharshi Harkadas Vidya Mandir School No 29 B, English</td><td>446 Harkanagar Bhawani Peth, Pune</td></tr><tr><td>48</td><td>School No 27 B Marathi Markday School</td><td>1142 Bhawani Peth</td></tr><tr><td>48</td><td>Maharana Pratap School No 26 B English</td><td>NA</td></tr><tr><td>60</td><td>Acharya Vinaba Bhave, School No 34 B Marathi</td><td>Near Pmc Colony No 6</td></tr><tr><td>60</td><td>School No 16, Keshavrao Jedhe Vidhyalay</td><td>Near Mith Janj Police Chowki</td></tr><tr><td>60</td><td>Krantivir Lahuji Vastad Salve School Marathi</td><td>NA</td></tr><tr><td>60</td><td>Krantivir Lahuji Vastad Salve School Urdu</td><td>NA</td></tr><tr><td>60</td><td>Savitribai Phule School English Medium</td><td>531 Bhawani Peth, Pune 42</td></tr><tr><td>65</td><td>Savitribai Phule School Marathi Medium</td><td>531 Bhawani Peth, Pune 42</td></tr><tr><td>65</td><td>Rafi Ahmed Kidvai</td><td>NA</td></tr><tr><td>65</td><td>Mahatma Gandhi Vidhyalay School No 67 B Marathi</td><td>NA</td></tr><tr><td>65</td><td>Mahatma Gandhi Vidhyalay School No 65 G Urdu</td><td>NA</td></tr><tr><td>65</td><td>Mahatma Gandhi Vidhyalay School No 13 B Urdu</td><td>NA</td></tr><tr><td>65</td><td>Mahatma Gandhi Vidhyalay School No 18 B Urdu</td><td>NA</td></tr><tr><td>65</td><td>Annasaheb Shinde School No 25 Marathi</td><td>Near Ghorpade Udyaan</td></tr><tr><td>65</td><td>Annasaheb Shinde School No 25 English</td><td>Near Ghorpade Udyaan</td></tr></table>"
   },
   "Bibwewadi" : {
      "healthCentres" : "<table class=budget><tr><th>ward</th><th>Hospital</th></tr><tr><td>64</td><td>Dr. Ambedkar Hospital</td></tr><tr><td>72</td><td>V.I.T PMC Hospital, Upper Bibvewadi</td></tr></table>",
      "parks" : "<table class=budget><tr><th>ward</th><th>Garden</th></tr><tr><td>64</td><td>6 parks</td></tr><tr><td>70</td><td>1 park</td></tr><tr><td>71</td><td>1 park</td></tr><tr><td>72</td><td>1 park ; Ambedkar Garden, 276</td></tr></table>",
      "payToilets" : "<table class=budget><tr><th>ward</th><th>Toilet</th></tr><tr><td>64</td><td>Beside Nurani Masjid</td></tr><tr><td>64</td><td>Beside Lunkad school</td></tr><tr><td>64</td><td>Behind Nurani Masjid</td></tr><tr><td>64</td><td>Dhole Mala Kilari vasti</td></tr><tr><td>64</td><td>Dias Plot</td></tr><tr><td>70</td><td>Churchroad, Bibwewadi</td></tr><tr><td>70</td><td>Kalyar Builder, Bibwewadi gaon</td></tr><tr><td>70</td><td>Kumbhar vasti</td></tr><tr><td>70</td><td>Bhimdeep vasti</td></tr><tr><td>70</td><td>Shankar Maharaj vasti, near Pimpal tree</td></tr><tr><td>70</td><td>Sambajinagar, near Samaj mandir</td></tr><tr><td>70</td><td>Shankar Maharaj vasti, uphill</td></tr><tr><td>70</td><td>Shantinagar</td></tr><tr><td>71</td><td>Ambedkarnagar, Bull market</td></tr><tr><td>71</td><td>Ambedkarnagar, Bhise lane</td></tr><tr><td>71</td><td>Ambedkarnagar, Padmavati</td></tr><tr><td>71</td><td>Ambedkarnagar, Dudhani</td></tr><tr><td>71</td><td>Premnagar, in front of Health Center</td></tr><tr><td>71</td><td>Premnagar, Market Yard, touching the wall</td></tr><tr><td>71</td><td>Premnagar, behind Ganesh mandir</td></tr><tr><td>71</td><td>Premnagar, last lane</td></tr><tr><td>72</td><td>NA</td></tr></table>",
      "primarySchools" : "<table class=budget><tr><th>ward</th><th>School</th></tr><tr><td>64</td><td>PMC school no. 105 B ; Sandeshnagar</td></tr><tr><td>64</td><td>PMC school no. 105 B, English ; Sandeshnagar</td></tr><tr><td>64</td><td>PMC school no. 66, English ; Sandeshnagar</td></tr><tr><td>64</td><td>PMC school no. 8 B ; Dolemala</td></tr><tr><td>64</td><td>PMC school no. 8 B, English ; Dolemala</td></tr><tr><td>64</td><td>PMC school no. 25 B, Urdu ; Dolemala</td></tr><tr><td>70</td><td>PMC school no. 64 B</td></tr><tr><td>70</td><td>PMC school no. 1 G</td></tr><tr><td>70</td><td>PMC school no. 1 G, English</td></tr><tr><td>70</td><td>PMC school no. V.Ni. 10</td></tr><tr><td>70</td><td>PMC school no. 64 B</td></tr><tr><td>70</td><td>PMC school no. 33, Urdu</td></tr><tr><td>70</td><td>PMC school no. 30 G</td></tr><tr><td>70</td><td>PMC school no. 39 B</td></tr><tr><td>NA</td><td>PMC school no. 68, girls</td></tr></table>",
      "publicToilets" : "<table class=budget><tr><th>ward</th><th>Toilet</th></tr><tr><td>64</td><td>Near Dale Mala Lunkad school</td></tr><tr><td>70</td><td>Papal vasti</td></tr><tr><td>70</td><td>Panchasheel slum</td></tr><tr><td>71</td><td>In front of Ota Dindale Kirana, Bibwewadi</td></tr><tr><td>71</td><td>Bibwewadi ota, in front of Jarande's house</td></tr><tr><td>71</td><td>Bibwewadi ota, Achanak Mitra Mandal</td></tr><tr><td>71</td><td>Bibwewadi ota, Ambil canal</td></tr><tr><td>71</td><td>Bibwewadi ota, in front of Balwadi</td></tr><tr><td>71</td><td>Bibewadi ota, behind PMC colony</td></tr><tr><td>71</td><td>Bibwewadi ota, in front of Ambil canal</td></tr><tr><td>71</td><td>In front of ESI Hospital (???????)</td></tr><tr><td>71</td><td>Anandnagar slum (???????)</td></tr><tr><td>71</td><td>Bibwewadi ota, beside Sharma shop</td></tr></table>",
      "urinals" : "<table class=budget><tr><th>ward</th><th>Toilet</th></tr><tr><td>64</td><td>Irawanti Karve Road, Giridhar Bhavan chowk</td></tr><tr><td>70</td><td>Near Health center</td></tr><tr><td>70</td><td>Near Health center</td></tr><tr><td>71</td><td>Bibwewadi ota, behind PMC colony</td></tr><tr><td>71</td><td>Bibwewadi ota, in front of Shivprerna society</td></tr><tr><td>71</td><td>In front of Pushpamangal bus stop</td></tr><tr><td>71</td><td>Parijat society, Swami Vivekanad marg</td></tr><tr><td>71</td><td>Market Yard, last bus stop</td></tr><tr><td>71</td><td>Premnagar, in front of Hajari kathi</td></tr><tr><td>71</td><td>Premnagar,  touching Market Yard wall</td></tr><tr><td>71</td><td>Premnagar, behind Ganesh Mandir</td></tr></table>"
   },
   "Dhankawadi" : {
      "healthCentres" : "<table class=budget><tr><th>ward</th><th>hospital</th><th>address</th></tr><tr><td>74</td><td>Dhankawadi PMC Hospital</td><td>Near Dhankkawadi last bus stop</td></tr><tr><td>76</td><td>Sukhsagar nagar PMC Hospital</td><td>Beside Rathi Vihir, Sukhsagar nagar</td></tr></table>",
      "parks" : "<table class=budget><tr><th>ward</th><th>Park</th></tr><tr><td>75</td><td>Rajiv Gandhi Udyaan</td></tr><tr><td>75</td><td>Ajji Ajoba Udyaan</td></tr></table>",
      "payToilets" : "<table class=budget><tr><th>ward</th><th>Location</th></tr><tr><td>69</td><td>Near Ramchandra nagar</td></tr><tr><td>74</td><td>PICT chowk</td></tr><tr><td>75</td><td>Near PMPML bus stop, Katraj</td></tr><tr><td>76</td><td>Near Katraj tal, Katraj gaonthan</td></tr><tr><td>76</td><td>Opposite Shankar mandir, Katraj gaonthan</td></tr><tr><td>76</td><td>Katraj new vasti</td></tr><tr><td>76</td><td>Opposite Shankar mandir, Katraj gaonthan</td></tr><tr><td>76</td><td>Under mango tree, Chaitraban slum</td></tr><tr><td>76</td><td>Appar road, State bank road, Chaitrban slum</td></tr><tr><td>76</td><td>Chaitraban slum, opposite Purple Plaza</td></tr></table>",
      "primarySchools" : "<table class=budget><tr><th>ward</th><th>School</th><th>Address</th></tr><tr><td>69</td><td>PMC school no. 91, girls</td><td>Behind crematorium</td></tr><tr><td>75</td><td>PMC school no. 162, girls</td><td>Chandrabhagabagar, behind Bharati Vidyapeeth, Katraj</td></tr><tr><td>75</td><td>PMC school no. 160, girls</td><td>Beldare Patil school, Dattanagar, Jambulwadi road</td></tr><tr><td>76</td><td>PMC school no. 138 and 99</td><td>Chintamani Deshmukh Primary school, Bibwewadi</td></tr><tr><td>76</td><td>PMC school no. 94G and 172 B,</td><td>Krushnaji Balwant More Primary school, Katraj</td></tr><tr><td>76</td><td>Urdu PMC school</td><td>Beside Bibwewadi Police Station</td></tr></table>",
      "publicToilets" : "<table class=budget><tr><th>ward</th><th>Location</th></tr><tr><td>69</td><td>Rajiv Gandhi vasti</td></tr><tr><td>69</td><td>Shramik vasti</td></tr><tr><td>69</td><td>Panchal vasti</td></tr><tr><td>69</td><td>Crematorium</td></tr><tr><td>74</td><td>Post office chowk</td></tr><tr><td>75</td><td>Opposite Katraj Milk Dairy, near BRT bus stop</td></tr><tr><td>75</td><td>Bathroom</td></tr><tr><td>76</td><td>Behind Sonawane chawl</td></tr><tr><td>76</td><td>Opposite Katraj PMT</td></tr></table>",
      "urinals" : "<table class=budget><tr><th>ward</th><th>Location</th></tr><tr><td>69</td><td>Dhankawadi gaonthan</td></tr><tr><td>76</td><td>Opposite Katraj PMT</td></tr></table>"
   },
   "Dhole Patil Road" : {
      "healthCentres" : "<table class=budget><tr><th>20</th><th>Kai. Sakharam Kundlik Kondre Hospital</th><th>In front of Mundhawa Police Station, Mundhwa Gaon</th></tr><tr><td>20</td><td>Kai. Annasaheb Magar Maternity Home</td><td>Magarpatta, Hadapsar</td></tr><tr><td>21</td><td>Kai. Bapusaheb Kawde Dispensary</td><td>Near Demco Colony, Koregaon Park</td></tr><tr><td>22</td><td>Dr. Naidu Hospital</td><td>Beside Hotel Le Meridian, Railway Station Road</td></tr><tr><td>23</td><td>Kamala Nehru Hospital</td><td>Mangalwar Peth</td></tr><tr><td>40</td><td>Kai. Dadasaheb Gaikwad Hospital</td><td>In front of Sinchan Bhavan, Baner Road, Mangalwar Peth</td></tr></table>",
      "primarySchools" : "<table class=budget><tr><th>ward</th><th>School</th><th>Address</th></tr><tr><td>20</td><td>Rajshree Shahu Maharaj Primary School</td><td>Mundhwa</td></tr><tr><td>20</td><td>Shimati Laxmibai Magar Primary School</td><td>Mundhwa Road, Magarpatta</td></tr><tr><td>20</td><td>Bapusaheb Daulat Magar Primary School</td><td>Magarpatta</td></tr><tr><td>21</td><td>Kasturba Gandhi Primary School</td><td>Koregaon Park</td></tr><tr><td>21</td><td>Mahatma Jyotiba Phule Primary School</td><td>Dhole Patil Road</td></tr><tr><td>23</td><td>Kai. Bhagujirao Annarao Barne School</td><td>103, Mangalwar Peth, Kasba Peth</td></tr><tr><td>23</td><td>Baburao Sanas Girls School</td><td>Mangalwar Peth</td></tr><tr><td>23</td><td>Abdul Karim Hussain (Courtwale) Primary School</td><td>Agarwal Peth, Kasba Peth</td></tr><tr><td>40</td><td>Gurudev Ravindranath Tagore Vidyaniketan</td><td>Mangalwar Peth</td></tr><tr><td>40</td><td>Dr. Shamrao Kalmadi</td><td>Ganesh Nagar, Erandwane</td></tr><tr><td>40</td><td>Karmaveer Dadasaheb Gaikwad</td><td>Pune Station</td></tr><tr><td>40</td><td>Rabindranath Tagore PMC School</td><td></td></tr></table>",
      "publicToilets" : "<table class=budget><tr><th>Ward</th><th>Address</th><th colspan=2>Seats</th><th>Blocks</th></tr><tr><td></td><td></td><td>F</td><td>M</td><td></td></tr><tr><td>23</td><td>330 Mangalwar Peth</td><td>5</td><td>5</td><td>1</td></tr><tr><td>23</td><td>Behind 358 Mangalwar Peth</td><td>13</td><td>10</td><td>1</td></tr><tr><td>23</td><td>358 Mangalwar Peth</td><td>9</td><td>9</td><td>1</td></tr><tr><td>23</td><td>69 Mangalwar Peth Mangwada</td><td>5</td><td>3</td><td>1</td></tr><tr><td>23</td><td>Parge Chowk</td><td>1</td><td>1</td><td>1</td></tr><tr><td>23</td><td>Mariyamma Nagar</td><td>9</td><td>9</td><td>1</td></tr><tr><td>23</td><td>Mariyamma Nagar</td><td>7</td><td>7</td><td>1</td></tr><tr><td>23</td><td>Below Shivaji Stadium</td><td>4</td><td>4</td><td>1</td></tr><tr><td>23</td><td>228 Mangalwar Peth</td><td>5</td><td>7</td><td>1</td></tr><tr><td>23</td><td>Mariyamma Nagar Road</td><td>3</td><td>3</td><td>1</td></tr><tr><td>23</td><td>1078 Kasba Peth, Jedhe Lane</td><td>6</td><td>6</td><td>1</td></tr><tr><td>23</td><td>1050 Kasba Peth Bhoiraj Mandal</td><td>7</td><td>7</td><td>1</td></tr><tr><td>23</td><td>1100 Kasba Peth, Supekar Lane</td><td>5</td><td>5</td><td>1</td></tr><tr><td>23</td><td>888 Kasba Peth, Chinchachi Peti</td><td>4</td><td>20</td><td>1</td></tr><tr><td>23</td><td>928 Kasba Peth, Manik Chawl</td><td>2</td><td>2</td><td>1</td></tr><tr><td>23</td><td>930 PMC Colony, Baudh Vihar</td><td>10</td><td>10</td><td>1</td></tr><tr><td>23</td><td>Nala Swami Mandir</td><td>2</td><td>3</td><td>1</td></tr><tr><td>23</td><td>Pumping Kasba Kagdipuri</td><td>11</td><td>11</td><td>1</td></tr><tr><td>23</td><td>Kumbharwada</td><td>8</td><td>8</td><td>1</td></tr></table>",
      "urinals" : "<table class=budget><tr><th>ward</th><th>Address</th><th colspan=2>Seats</th><th>Blocks</th></tr><tr><td></td><td></td><td>F</td><td>M</td><td></td></tr><tr><td>21</td><td>Bundgarden Chowk, Near Water Supply</td><td>1</td><td>3</td><td>1</td></tr><tr><td>21</td><td>Blue Diamond Chowk</td><td>3</td><td>0</td><td>1</td></tr><tr><td>21</td><td>Lane No. 3, Near Alanka Pan Shop</td><td>0</td><td>2</td><td>1</td></tr><tr><td>21</td><td>Kalpataru Soc, Near Bus Stop</td><td>0</td><td>3</td><td>1</td></tr><tr><td>21</td><td>Near Waste Ramp</td><td>0</td><td>4</td><td>1</td></tr><tr><td>21</td><td>Indside Waste Ramp</td><td>1</td><td>4</td><td>1</td></tr><tr><td>21</td><td>Near Dhanya Godown</td><td>2</td><td>2</td><td>1</td></tr><tr><td>21</td><td>Shreder Machine Fertilizer Project</td><td>0</td><td>2</td><td>1</td></tr><tr><td>21</td><td>Bhairoba Pumping Smashanbhumi</td><td>0</td><td>2</td><td>1</td></tr><tr><td>21</td><td>Kshetriya Karyalay</td><td>0</td><td>15</td><td>1</td></tr><tr><td>21</td><td>Beside Wadia College</td><td>0</td><td>2</td><td>1</td></tr><tr><td>21</td><td>Wadia College, Near MSEB</td><td>2</td><td>2</td><td>1</td></tr><tr><td>21</td><td>Bundgarden Road, Panchali Sweets</td><td>2</td><td>2</td><td>1</td></tr><tr><td>21</td><td>Shahu Road, City Pride</td><td>2</td><td>2</td><td>1</td></tr><tr><td>21</td><td>Diesel Colony Chowk</td><td>0</td><td>2</td><td>1</td></tr><tr><td>21</td><td>Tadiwala Road Lokseva Mandal</td><td>0</td><td>2</td><td>1</td></tr><tr><td>21</td><td>Mahatma Gandhi Park (jogging)</td><td>0</td><td>2</td><td>1</td></tr><tr><td>22</td><td>Sangam Ghat Area, Near Rto</td><td>0</td><td>2</td><td>1</td></tr><tr><td>22</td><td>Kailas Smashanbhumi Road</td><td>2</td><td>2</td><td>1</td></tr><tr><td>22</td><td>Kailas Smashanbhumi Area</td><td>0</td><td>10</td><td>1</td></tr><tr><td>22</td><td>Naidu Hospital, Main Road</td><td>2</td><td>3</td><td>1</td></tr><tr><td>22</td><td>Naidu Hospital Road, Near Kotha</td><td>0</td><td>2</td><td>1</td></tr><tr><td>22</td><td>Bhavan Kothi, Naidu hospital Road</td><td>0</td><td>1</td><td>1</td></tr><tr><td>22</td><td>Agnishamak, Dal Office Area</td><td>0</td><td>1</td><td>1</td></tr><tr><td>22</td><td>12 Tadiwala Road</td><td>0</td><td>2</td><td>1</td></tr><tr><td>22</td><td>R.B.I Lane no. 17 Private Road</td><td>0</td><td>6</td><td>1</td></tr><tr><td>22</td><td>In Front of Sourabh Hall</td><td>2</td><td>6</td><td>1</td></tr><tr><td>23</td><td>330 Mangalwar Peth</td><td>0</td><td>3</td><td>1</td></tr><tr><td>23</td><td>Dhumal Lane, Mangalwar Peth</td><td>0</td><td>3</td><td>1</td></tr><tr><td>23</td><td>Parge Chowk</td><td>0</td><td>4</td><td>1</td></tr><tr><td>23</td><td>New Police Chowk</td><td>0</td><td>6</td><td>1</td></tr><tr><td>23</td><td>In Front of Police Chowki</td><td>0</td><td>3</td><td>1</td></tr><tr><td>23</td><td>Shivaji Stadium Road</td><td>3</td><td>3</td><td>1</td></tr><tr><td>23</td><td>Surya Hospiital</td><td>0</td><td>2</td><td>1</td></tr><tr><td>23</td><td>1300 Kasba Peth</td><td>0</td><td>3</td><td>1</td></tr><tr><td>23</td><td>Saattoti Chowk</td><td>0</td><td>4</td><td>1</td></tr><tr><td>23</td><td>815 Kasba Peth</td><td>0</td><td>2</td><td>1</td></tr><tr><td>23</td><td>330 Mangalwar Peth</td><td>0</td><td>3</td><td>1</td></tr><tr><td>23</td><td>Dhumal Lane, Mangalwar Peth</td><td>0</td><td>3</td><td>1</td></tr><tr><td>23</td><td>Parge Chowk</td><td>0</td><td>4</td><td>1</td></tr><tr><td>23</td><td>New Police Chowk</td><td>0</td><td>6</td><td>1</td></tr><tr><td>23</td><td>In Front of Police Chowki</td><td>0</td><td>3</td><td>1</td></tr><tr><td>23</td><td>Shivaji Stadium Road</td><td>3</td><td>3</td><td>1</td></tr><tr><td>23</td><td>Surya Hospiital</td><td>0</td><td>2</td><td>1</td></tr><tr><td>23</td><td>1300 Kasba Peth</td><td>0</td><td>3</td><td>1</td></tr><tr><td>23</td><td>Saattoti Chowk</td><td>0</td><td>4</td><td>1</td></tr><tr><td>23</td><td>815 Kasba Peth</td><td>0</td><td>2</td><td>1</td></tr><tr><td>40</td><td>In Front of Dead House</td><td>0</td><td>0</td><td>1</td></tr><tr><td>40</td><td>In Front of Zilha Parishad</td><td>0</td><td>0</td><td>1</td></tr></table>"
   },
   "Ghole Road" : {
      "healthCentres" : "<table class=budget><tr><th>12</th><th>Amrale Hospital</th></tr><tr><td>13</td><td>Aarogya Koti ; Behind Dalvi Hospital, Shivajinagar</td></tr><tr><td>13</td><td>Dalvi Hospital ; Shivajinagar</td></tr><tr><td>25</td><td>Dr. Homi Baba Hospital</td></tr><tr><td>36</td><td>Eradwane Hospital(3Rd Floor)</td></tr></table>",
      "parks" : "<table class=budget><tr><th>ward</th><th>Park</th></tr><tr><td>11</td><td>K. Shakuntala Nikam Park</td></tr><tr><td>11</td><td>Parimal Park</td></tr><tr><td>11</td><td>Sant Gajanan Maharaj Park</td></tr><tr><td>11</td><td>Tara Bai Park, Survey No. 18/99 Vetalnagar Gokhale Nagar</td></tr><tr><td>12</td><td>Chittaranjan Vatika Park</td></tr><tr><td>12</td><td>K Shanti Bai Mukunda Aalude Park</td></tr><tr><td>12</td><td>K. Prakash Narayan Bahirat Park</td></tr><tr><td>36</td><td>Kamala Nehru Park</td></tr><tr><td>36</td><td>Rajmantri Park</td></tr></table>",
      "primarySchools" : "<table class=budget><tr><th>ward</th><th>School</th></tr><tr><td>11</td><td>Beti School No. 18,110,107 ; Gokhale Nagar</td></tr><tr><td>11</td><td>Pmc School No. 57 (Boys School)</td></tr><tr><td>11</td><td>Veer Bajiprabhu School No. 90,123,57,75 ; Gokhale Nagar</td></tr><tr><td>12</td><td>Aakshar Nanda School ; Bahiratwadi Survey No. 103</td></tr><tr><td>13</td><td>Dr. Babasaheb Ambedkar School No.108</td></tr><tr><td>24</td><td>Lal Bahadur Shastri School; Shivajinagar Gaothan</td></tr><tr><td>24</td><td>Netaji Palkar School</td></tr><tr><td>24</td><td>Shirish Kumar Vidyalaya And Pmc School</td></tr><tr><td>25</td><td>Sant Ramdas School No. 84,13,42,7 And 1 Hall</td></tr><tr><td>36</td><td>K. Anusayabai Kilare School No. 55 Pmc</td></tr></table>"
   },
   "Hadapsar" : {
      "healthCentres" : "<table class=budget><tr><th>ward</th><th>hospital</th></tr><tr><td>NA</td><td>PMC Hospital</td></tr></table>",
      "parks" : "<table class=budget><tr><th>ward</th><th>Park</th></tr><tr><td>NA</td><td>Dr. Ram Manohar Lohiya Udyaan</td></tr></table>",
      "payToilets" : "<table class=budget><tr><th>ward</th><th>location</th></tr><tr><td>42</td><td>NA</td></tr><tr><td>43</td><td>NA</td></tr><tr><td>44</td><td>NA</td></tr><tr><td>45</td><td>NA</td></tr></table>",
      "primarySchools" : "<table class=budget><tr><th>ward</th><th>School</th></tr><tr><td>42</td><td>Amruta Shetiba Dashavtari Vidyalay</td></tr><tr><td>42</td><td>Namradabai Kisan Kambale Vidyalay</td></tr><tr><td>42</td><td>Sane Guruji Pratmik Vidyalay</td></tr><tr><td>43</td><td>PMC school no. 81 ;  Sadhunana vasti</td></tr><tr><td>43</td><td>School no. 83 ; Madhavrao Sonba Tupe Vidyalay</td></tr><tr><td>43</td><td>School no. 207 ;  Tukaram Pawar, Pratmik Vidya Mandir, Vitthalnagar</td></tr><tr><td>44</td><td>School no. 100 ;  Gadital Bantar Shala</td></tr><tr><td>44</td><td>School no. 63 ;  Gadital Bantar Shala</td></tr><tr><td>44</td><td>School no. 58 ;  Gadital Bantar Shala</td></tr><tr><td>44</td><td>Ramchandra Appasaheb Bankar Shala ;  Gondhalenagar</td></tr><tr><td>44</td><td>Mahatma Phule Shala ;  Gadital</td></tr><tr><td>45</td><td>Marutirao Kale Shala</td></tr><tr><td>45</td><td>171, Mulanki vasti Shala</td></tr><tr><td>45</td><td>85, Anasaheb Nagar Vidyalay</td></tr></table>",
      "publicToilets" : "<table class=budget><tr><th>ward</th><th>location</th></tr><tr><td>42</td><td>NA</td></tr><tr><td>43</td><td>NA</td></tr><tr><td>44</td><td>NA</td></tr><tr><td>45</td><td>NA</td></tr></table>",
      "urinals" : "<table class=budget><tr><th>ward</th><th>location</th></tr><tr><td>42</td><td>NA</td></tr><tr><td>43</td><td>NA</td></tr><tr><td>44</td><td>NA</td></tr><tr><td>45</td><td>NA</td></tr></table>"
   },
   "Kasba Vishrambagwada" : {
      "govtToilets" : "<table class=budget><tr><th>ward</th><th>Type</th><th>Location</th></tr><tr><td>37</td><td>Toilets</td><td>Near Dhobi Ghat, Narayan Peth.</td></tr><tr><td>37</td><td>Toilets</td><td>Behind Modi Ganpati, Narayan Peth</td></tr><tr><td>37</td><td>Toilets</td><td>In front of NMV, Bajirao road</td></tr><tr><td>37</td><td>Toilets</td><td>Laxmi road, Narayan Peth.</td></tr><tr><td>37</td><td>Toilets</td><td>Narayan Peth, Pune.</td></tr><tr><td>37</td><td>Toilets</td><td>Mavle Hospital, Narayan Peth</td></tr><tr><td>37</td><td>Toilets</td><td>Shanivar Peth, Pune</td></tr><tr><td>37</td><td>Toilets</td><td>Shanivar Peth, Pune</td></tr><tr><td>37</td><td>Toilets</td><td>Near Shanivarwada</td></tr><tr><td>37</td><td>Toilets</td><td>Bhau Rangari road</td></tr><tr><td>37</td><td>Toilets</td><td>NA</td></tr><tr><td>37</td><td>Toilets</td><td>NA</td></tr><tr><td></td><td></td><td></td></tr><tr><td>37</td><td>Urinal</td><td>Narayan Peth, Pune.</td></tr><tr><td>37</td><td>Urinal</td><td>Bhat Lane, Pune.</td></tr><tr><td></td><td></td><td></td></tr><tr><td>38</td><td>Toilets</td><td>Ganesh Peth, Pune.</td></tr><tr><td>38</td><td>Toilets</td><td>Ganesh Peth, Pune.</td></tr><tr><td>38</td><td>Toilets</td><td>Kasba Peth, Pune.</td></tr><tr><td>38</td><td>Toilets</td><td>Rasta Peth, Pune,</td></tr><tr><td>38</td><td>Toilets</td><td>Ravivar Peth, Pune.</td></tr><tr><td>38</td><td>Toilets</td><td>Ravivar Peth, Pune.</td></tr><tr><td>38</td><td>Toilets</td><td>Kasba Peth, Pune.</td></tr><tr><td>38</td><td>Toilets</td><td>Kasba Peth, Pune.</td></tr><tr><td>38</td><td>Toilets</td><td>Ravivar Peth, Pune.</td></tr><tr><td>38</td><td>Toilets</td><td>Ravivar Peth, Pune.</td></tr><tr><td>38</td><td>Toilets</td><td>Ganesh Peth, Pune.</td></tr><tr><td>38</td><td>Toilets</td><td>Kasba Peth, Pune.</td></tr><tr><td>38</td><td>Toilets</td><td>Ganesh Peth, Pune.</td></tr><tr><td>38</td><td>Toilets</td><td>Ganesh Peth, Pune.</td></tr><tr><td>38</td><td>Toilets</td><td>Kasba Peth, Pune.</td></tr><tr><td>38</td><td>Toilets</td><td>Kasba Peth, Pune.</td></tr><tr><td>38</td><td>Toilets</td><td>Kasba Peth, Pune.</td></tr><tr><td>38</td><td>Toilets</td><td>Kasba Peth, Pune.</td></tr><tr><td>38</td><td>Toilets</td><td>Budhwar Peth, Pune</td></tr><tr><td>49</td><td>Toilets</td><td>Shukrawar Peth, Pune</td></tr><tr><td>49</td><td>Toilets</td><td>Budhwar Peth, Pune</td></tr><tr><td>49</td><td>Toilets</td><td>Budhwar Peth, Pune</td></tr><tr><td>49</td><td>Toilets</td><td>Ravivar Peth, Pune.</td></tr><tr><td>49</td><td>Toilets</td><td>Guruwar Peth, Pune</td></tr><tr><td>49</td><td>Toilets</td><td>Guruwar Peth, Pune</td></tr><tr><td>49</td><td>Toilets</td><td>Guruwar Peth, Pune</td></tr><tr><td>49</td><td>Toilets</td><td>Guruwar Peth, Pune</td></tr><tr><td>49</td><td>Toilets</td><td>Guruwar Peth, Pune</td></tr><tr><td>49</td><td>Toilets</td><td>Ganesh Peth, Pune.</td></tr><tr><td>49</td><td>Toilets</td><td>Ganesh Peth, Pune.</td></tr><tr><td>49</td><td>Toilets</td><td>Shukrawar Peth, Pune</td></tr><tr><td>49</td><td>Toilets</td><td>Shukrawar Peth, Pune</td></tr><tr><td>49</td><td>Toilets</td><td>Shukrawar Peth, Pune</td></tr><tr><td>49</td><td>Toilets</td><td>Shukrawar Peth, Pune</td></tr><tr><td>49</td><td>Toilets</td><td>Budhwar Peth, Pune</td></tr><tr><td>49</td><td>Toilets</td><td>Shukrawar Peth, Pune</td></tr><tr><td>49</td><td>Toilets</td><td>Guruwar Peth, Pune</td></tr><tr><td>49</td><td>Toilets</td><td></td></tr><tr><td></td><td></td><td></td></tr><tr><td>49</td><td>Urinal</td><td>Shukrawar Peth, Pune</td></tr><tr><td></td><td></td><td></td></tr><tr><td>50</td><td>Toilets</td><td>Behind Vishrambaug Ward Office, Sadashiv Peth</td></tr><tr><td>50</td><td>Toilets</td><td>Budhwar Peth, Pune</td></tr><tr><td>50</td><td>Toilets</td><td>Shukrawar Peth, Pune</td></tr><tr><td>50</td><td>Toilets</td><td>Shukrawar Peth, Pune</td></tr><tr><td>50</td><td>Toilets</td><td>Sadashiv Peth, Pune</td></tr><tr><td>50</td><td>Toilets</td><td>Shukrawar Peth, Pune</td></tr><tr><td>50</td><td>Toilets</td><td>NA</td></tr><tr><td>50</td><td>Toilets</td><td>Shukrawar Peth, Pune</td></tr><tr><td>50</td><td>Toilets</td><td>Shukrawar Peth, Pune</td></tr><tr><td>50</td><td>Toilets</td><td>Shukrawar Peth, Pune</td></tr><tr><td>50</td><td>Toilets</td><td>Shukrawar Peth, Pune</td></tr><tr><td></td><td></td><td>Shukrawar Peth, Pune</td></tr><tr><td>50</td><td>Urinal</td><td></td></tr><tr><td>50</td><td>Urinal</td><td>Navi Peth, Pune</td></tr><tr><td>50</td><td>Urinal</td><td>NA</td></tr><tr><td>50</td><td>Urinal</td><td>Dandekar Bridge Slum</td></tr><tr><td>50</td><td>Urinal</td><td>Indira Gandhinagar</td></tr><tr><td></td><td></td><td>Ambil Audha Slum</td></tr><tr><td></td><td></td><td></td></tr><tr><td>51</td><td>Toilets</td><td>Bidkar Chowk</td></tr><tr><td>51</td><td>Toilets</td><td>Ambil Audha Slum</td></tr><tr><td>51</td><td>Toilets</td><td>Dandekar Bridge Slum</td></tr><tr><td>51</td><td>Toilets</td><td>Sinhagad road</td></tr><tr><td>51</td><td>Toilets</td><td>S.N 133 Behind Country Liquor Store</td></tr><tr><td>51</td><td>Toilets</td><td>S.N 133 Below Parvati over Bridge</td></tr><tr><td>51</td><td>Toilets</td><td>Sadashiv Peth, Pune</td></tr><tr><td>51</td><td>Toilets</td><td>Narayan Peth, Pune.</td></tr><tr><td>51</td><td>Toilets</td><td>214 Dandekar Bridge Kasam Slum, Near Madina Chicken Centre</td></tr><tr><td>51</td><td>Toilets</td><td>214 Dandekar Bridge, near Audha</td></tr><tr><td>51</td><td>Toilets</td><td>134 Dandekar Bridge, Kasam Slum</td></tr><tr><td>51</td><td>Toilets</td><td>Purgrast Chawl no 1 to 3</td></tr><tr><td>51</td><td>Toilets</td><td>214  Dandekar Bridge, Near Sandeep Cycle Mart</td></tr><tr><td>51</td><td>Toilets</td><td>S.N 133 Sane Guruji Vasahat</td></tr><tr><td>51</td><td>Toilets</td><td>S.N 133 near Shivai Soc</td></tr><tr><td>51</td><td>Toilets</td><td>S.N 133 Chawl Ramabai Nagar, Near Audha</td></tr><tr><td>51</td><td>Toilets</td><td>S.N 133 in Front of Mauli Shirvalkar's House, Adnyad Mitra Mandal</td></tr><tr><td>51</td><td>Toilets</td><td>S.N 133 near Sinhagad road Bus Stop</td></tr><tr><td>51</td><td>Toilets</td><td>S.N 133 Bidkar Chowk, Near Lata Aaywale's House</td></tr><tr><td>51</td><td>Toilets</td><td>Abhinav College Bus Stop</td></tr><tr><td>51</td><td>Toilets</td><td>Damle Road, Vaidya School</td></tr><tr><td>51</td><td>Toilets</td><td>Near Navi Peth, Shstri Road School no. 17</td></tr><tr><td>51</td><td>Toilets</td><td>Navi Peth, Pune</td></tr><tr><td>51</td><td>Toilets</td><td>Shukrawar Peth, Pune</td></tr><tr><td>51</td><td>Toilets</td><td>Shastri Road</td></tr><tr><td>51</td><td>Toilets</td><td>Narayan Peth, Pune.</td></tr><tr><td>51</td><td>Toilets</td><td>Sadashiv Peth, Pune</td></tr><tr><td>51</td><td>Toilets</td><td>Shukrawar Peth, Pune</td></tr><tr><td>51</td><td>Toilets</td><td>Ghorpade Peth, Pune</td></tr><tr><td>51</td><td>Toilets</td><td>Ghorpade Peth, Pune</td></tr><tr><td>51</td><td>Toilets</td><td>694 Sinhagad Garage Chowk</td></tr><tr><td>51</td><td>Toilets</td><td>In front of Ghorpade Udyaan Swimming Pool</td></tr><tr><td>58</td><td>Toilets</td><td>180 Slum near Karmashaala</td></tr><tr><td>58</td><td>Toilets</td><td>Shukrawar Peth, Pune</td></tr><tr><td>58</td><td>Toilets</td><td>Shukrawar Peth, Pune</td></tr><tr><td>58</td><td>Toilets</td><td>Sinhagad Garage Chowk 674</td></tr><tr><td>58</td><td>Toilets</td><td>Subhashnagar, Pune</td></tr><tr><td>58</td><td>Toilets</td><td>Ghorpade Peth, Pune</td></tr><tr><td>58</td><td>Toilets</td><td>Ghorpade Peth, Pune</td></tr><tr><td>58</td><td>Toilets</td><td>Shukrawar Peth, Pune</td></tr><tr><td>58</td><td>Toilets</td><td>Shukrawar Peth, Pune</td></tr><tr><td>58</td><td>Toilets</td><td>Shukrawar Peth, Pune</td></tr><tr><td>58</td><td>Toilets</td><td>Shukrawar Peth, Pune</td></tr><tr><td>58</td><td>Toilets</td><td>Ghorpade Peth, Pune</td></tr><tr><td>58</td><td>Toilets</td><td>Shukrawar Peth, Pune</td></tr><tr><td>58</td><td>Toilets</td><td>NA</td></tr><tr><td>58</td><td>Toilets</td><td>NA</td></tr><tr><td>58</td><td>Toilets</td><td>NA</td></tr><tr><td>58</td><td>Toilets</td><td>NA</td></tr><tr><td>58</td><td>Toilets</td><td>NA</td></tr><tr><td></td><td></td><td></td></tr><tr><td>58</td><td>Urinal</td><td>NA</td></tr><tr><td>58</td><td>Urinal</td><td>NA</td></tr><tr><td>58</td><td>Urinal</td><td>NA</td></tr></table>",
      "healthCentres" : "<table class=budget><tr><th>ward</th><th>Hospital</th><th>ADDRESS</th></tr><tr><td>37</td><td>Mavle Hospital</td><td>Narayan Peth, Pune</td></tr><tr><td>37</td><td>Lele Hospital</td><td>Budhwar Peth, Pune</td></tr><tr><td>41</td><td>Dr. Kotnis Hospital</td><td>NA</td></tr><tr><td>41</td><td>Babu Genu Hospital</td><td>Shukrawar Peth, Pune</td></tr><tr><td>51</td><td>Ramabai Ambedkar Hospital</td><td>Ambhil Audha Colony</td></tr></table>",
      "primarySchools" : "<table class=budget><tr><th>ward</th><th>NAME</th><th>ADDRESS</th></tr><tr><td>37</td><td>Gogate School No. 1</td><td>Narayan Peth, Pune</td></tr><tr><td>37</td><td>Nana Wada School</td><td>Budhwar Peth, Pune</td></tr><tr><td>38</td><td>Rajmata Jijabai School no.6</td><td>Kasba Peth, Pune</td></tr><tr><td>38</td><td>Kamla Nehru School</td><td>Ravivar Peth, Pune</td></tr><tr><td>41</td><td>Abdul Kalam Azad School and Dr. Sayyed Ahmed Urdu School</td><td>NA</td></tr><tr><td>41</td><td>Kanhoji Angre School</td><td>Shukrawar Peth, Pune</td></tr><tr><td>41</td><td>Anandibai Karve School</td><td>Guruwar Peth, Pune</td></tr><tr><td>41</td><td>Chatrapati Shivaji School</td><td>NA</td></tr><tr><td>41</td><td>Mohammed Ali Johar School (High school)</td><td>NA</td></tr><tr><td>50</td><td>Annabhau Sathe School</td><td>Sadashiv Peth, Pune</td></tr><tr><td>50</td><td>jhahshichi Rani girls School</td><td>Sadashiv Peth, Pune</td></tr><tr><td>51</td><td>Sarjirao Salve School</td><td>Ambhil Audha Colony</td></tr><tr><td>51</td><td>Dharmavir Sambhaji Vidyaylay</td><td>NA</td></tr><tr><td>58</td><td>Chatrapati Shivaji Maharaj Vidyaniketan No 1</td><td>NA</td></tr><tr><td>58</td><td>Vasantdada Patil Vidyaniketan (High school)</td><td>NA</td></tr></table>"
   },
   "Kondhwa Wanowrie" : {
      "healthCentres" : "<table class=budget><tr><th>ward</th><th>NAME</th></tr><tr><td>46</td><td>K. Namdev Genuji Shivarkar Hospital</td></tr><tr><td>61</td><td>Chhatrapati Shahu Maharaj Hospital</td></tr><tr><td>63</td><td>Meenatai Thackeray Hospital</td></tr></table>",
      "parks" : "<table class=budget><tr><th>ward</th><th>NAME</th></tr><tr><td>46</td><td>Shivarkar Udyaan</td></tr><tr><td>61</td><td>Kamthe Udyaan</td></tr><tr><td>62</td><td>Sharad Pawar Udyan</td></tr></table>",
      "payToilets" : "<table class=budget><tr><th>ward</th><th>Location</th></tr><tr><td>41</td><td>Panchasheel nagar, 100 no., near Javale's house</td></tr><tr><td>41</td><td>Panchsheelnagar, 100 no., near Kolinbai's house</td></tr><tr><td>41</td><td>Mari Mata slum</td></tr><tr><td>41</td><td>Vikasnagar, near railway line, buffalo shed</td></tr><tr><td>41</td><td>Vikas nagar, near recreation centre</td></tr><tr><td>41</td><td>Vikasnagar, near Kelewale's house</td></tr><tr><td>41</td><td>Vikas nagar, near nala</td></tr><tr><td>41</td><td>Vikasnagar, near Samaj mandir</td></tr><tr><td>41</td><td>Balajinagar, near near nala</td></tr><tr><td>41</td><td>Jambhulkar, Mala underground route</td></tr><tr><td>46</td><td>Shivaji statue</td></tr><tr><td>46</td><td>Hole vasti</td></tr><tr><td>46</td><td>Survey no. 1, Wanowrie gaon</td></tr><tr><td>46</td><td>Ramtekdi, beside Ram mandir</td></tr><tr><td>46</td><td>Sonar lane</td></tr><tr><td>46</td><td>Banta maidan</td></tr><tr><td>46</td><td>Behind Dr. Shah's hospital</td></tr><tr><td>46</td><td>Behind Chandu Gholap's house</td></tr><tr><td>46</td><td>In front of Hajeri kothi</td></tr><tr><td>46</td><td>Alhaat vasti</td></tr><tr><td>46</td><td>Behind blind school</td></tr><tr><td>46</td><td>108, Ramnagar</td></tr><tr><td>46</td><td>In front of Raju Divate's house</td></tr><tr><td>46</td><td>109, Ramnagar</td></tr><tr><td>46</td><td>109, near Railway gate</td></tr><tr><td>46</td><td>109, Ramnagar, near Nandabai's house</td></tr><tr><td>46</td><td>109, Ramnagar, near railway gate</td></tr><tr><td>46</td><td>Anand nagar, near Kamble's house</td></tr><tr><td>61</td><td>Siddarth nagar</td></tr><tr><td>61</td><td>Rajiv Gandhi vasahat</td></tr><tr><td>61</td><td>Mahadaji Shinde Chhatri</td></tr><tr><td>62</td><td>Yashoda mini market, Kondhwa Khurd</td></tr><tr><td>62</td><td>Beside Dashkriya Vidhi garden</td></tr><tr><td>62</td><td>Kondhwa cemetery road, behind Babarsaheb's office, Kondhwa Khurd</td></tr><tr><td>62</td><td>Appar depot</td></tr><tr><td>63</td><td>Samtanagar</td></tr><tr><td>63</td><td>Kamela Salunke Vihar</td></tr><tr><td>63</td><td>Kamela Bodhyavihar</td></tr><tr><td>63</td><td>354, Kondhwa gaonthan</td></tr></table>",
      "primarySchools" : "<table class=budget><tr><th>ward</th><th>NAME</th></tr><tr><td>41</td><td>Mata Ramabai Ambedkar School</td></tr><tr><td>41</td><td>K. Anatrao Venkatrao Mudliyar</td></tr><tr><td>46</td><td>Mrs. Shardabai Vamanrao Londe Primary School</td></tr><tr><td>46</td><td>Vasudev Balwant Phadke School</td></tr><tr><td>46</td><td>PMC school no. 88</td></tr><tr><td>61</td><td>Siddarthnagar, PMC school</td></tr><tr><td>61</td><td>Mahadaji Shinde Primary school</td></tr><tr><td>62</td><td>PMC urdu school no. 175B</td></tr><tr><td>62</td><td>PMC school no. 95G/174B</td></tr><tr><td>63</td><td>Sant Gadge Maharaj English Medium school</td></tr><tr><td>63</td><td>Sant Gadge Maharaj Primary school Marathi</td></tr></table>",
      "publicToilets" : "<table class=budget><tr><th>ward</th><th>Location</th></tr><tr><td>41</td><td>Vatar mala</td></tr><tr><td>41</td><td>Inside Bhimnagar arch</td></tr><tr><td>46</td><td>Hole vasti</td></tr><tr><td>46</td><td>Cemetery</td></tr><tr><td>46</td><td>Survey no. 1, Bodha vasti</td></tr><tr><td>46</td><td>Dagadi nagoba</td></tr><tr><td>46</td><td>Jambulkar chowk</td></tr><tr><td>46</td><td>Valmiki vasti</td></tr><tr><td>61</td><td>Cemetery</td></tr><tr><td>61</td><td>Indira vasahat</td></tr><tr><td>61</td><td>Siddarth nagar</td></tr><tr><td>61</td><td>Mogre vasti</td></tr><tr><td>61</td><td>Tadi mala</td></tr><tr><td>61</td><td>Aatopiya</td></tr><tr><td>62</td><td>Shantai Bhaji Mandai, Kondhwa Khurd</td></tr><tr><td>62</td><td>Bhimnagar vasahat</td></tr><tr><td>62</td><td>Bhimnagar vasahat (Fibre)</td></tr><tr><td>62</td><td>Shantai Bhaji Mandai, new Kondhwa Khurd</td></tr><tr><td>63</td><td>Kamela Salunke Vihar (fibre)</td></tr></table>",
      "urinals" : "<table class=budget><tr><th>ward</th><th>Location</th></tr><tr><td>41</td><td>In front of Shaktinagar</td></tr><tr><td>46</td><td>Hole vasti</td></tr><tr><td>46</td><td>Cemetery</td></tr><tr><td>46</td><td>Hole vasti</td></tr><tr><td>46</td><td>Survey no. 1, wanowrie gaon</td></tr><tr><td>46</td><td>In front of Hajeri kothi</td></tr><tr><td>46</td><td>Beside SRPF road</td></tr><tr><td>46</td><td>In front of Satish Londe's office</td></tr><tr><td>61</td><td>Indira vasahat</td></tr><tr><td>61</td><td>Siddarth nagar</td></tr><tr><td>61</td><td>Mogre vasti</td></tr><tr><td>61</td><td>Rajiv Gandhi vasahat</td></tr><tr><td>62</td><td>Bhimnagar vasahat</td></tr><tr><td>62</td><td>Bhimnagar vasahat (fibre)</td></tr><tr><td>62</td><td>Shantai bhaji mandai, new Kondhwa Khurd</td></tr><tr><td>62</td><td>In front of Sant Gadgebaba school, Kondhwa Khurd</td></tr><tr><td>62</td><td>In front of Nanaware's house</td></tr><tr><td>62</td><td>Shantai Bhaji Mandai</td></tr><tr><td>62</td><td>Beside Dashkriya garden (fibre)</td></tr><tr><td>62</td><td>Appar depot</td></tr></table>"
   },
   "Kothrud Karveroad" : {
      "healthCentres" : "<table class=budget><tr><th>ward</th><th>Hospital/Dispensary</th><th>Address</th></tr><tr><td>26</td><td>Kai. Sundarabai Raut Dispensary</td><td>Beside Mamasaheb Mohol School, Kelewadi</td></tr><tr><td>28</td><td>Kai. Jayabai Nanasaheb Sutar</td><td>Aazad Nagar, Kothrud</td></tr></table>",
      "parks" : "<table class=budget><tr><th>total</th><td>5</td></tr></table>",
      "payToilets" : "<table class=budget><tr><th>units</th><th>44</th></tr><tr><td>seats</td><td>772</td></tr></table>",
      "primarySchools" : "<table class=budget><tr><th>ward</th><th>School</th><th>Students</th><th>Address</th></tr><tr><td>26</td><td>Ma. Mamasaheb Mohol Primary School</td><td>131(Boys), 14 (Boys)</td><td>In front of More Shramik Vasahat, Kelewadi</td></tr><tr><td>27</td><td>Yashwantrao Chavan School</td><td>134 (Boys), 18 (Girls)</td><td>Jai Bhavani Nagar</td></tr><tr><td>28</td><td>Kai. Anna Saheb Patil School</td><td>138 (Boys), 128 (Girls)</td><td>84/165, Shastrinagar, Kothrud</td></tr><tr><td>29</td><td>Bavdhan School</td><td>153</td><td>Bavdhan Khurd</td></tr><tr><td>29</td><td>Kokate Vasti School</td><td>173B</td><td>Bavdhan Khurd</td></tr><tr><td>34</td><td>Chhatrapati Sambhaji School</td><td>N/A</td><td>Beside Thorat Park, Kothrud Gaothan</td></tr></table>",
      "publicToilets" : "<table class=budget><tr><th>units</th><th>18</th></tr><tr><td>seats</td><td>186</td></tr></table>",
      "urinals" : "<table class=budget><tr><th>urinals</th><th>21</th></tr></table>"
   },
   "Nagar Road" : {
      "govtToilets" : "<table class=budget><tr><th>Name</th><th>Female Toilets</th><th>Male Toilets</th><th>Male Urinals</th></tr><tr><td>Nagar Road(Wadgaon Sheri) Ward Office</td><td>3</td><td>9</td><td>7</td></tr><tr><td>Satyam Arkede Building</td><td>6</td><td>6</td><td>6</td></tr><tr><td>Rani Laxmibai Education Center</td><td>5</td><td>4</td><td>1</td></tr><tr><td>Wadgaon Sheri Contact Office</td><td>1</td><td>0</td><td>0</td></tr></table>",
      "healthCentres" : "<table class=budget><tr><th>ward</th><th>Hospital</th></tr><tr><td>19</td><td>Kharadi Pmc Hospital</td></tr><tr><td>17</td><td>Damodar Galande Pmc Hospital Kalyani Nagar</td></tr><tr><td>4</td><td>Aana Bhausaate Pmc Hospital Gandhi Nagar</td></tr></table>",
      "parks" : "<table class=budget><tr><th>ward</th><th>Park</th></tr><tr><td>2</td><td>Kal Bhairav Nath Pratishthan Park Kharadi Gaothan</td></tr><tr><td>2</td><td>Sahachi Vihir Park Chandannagar Pune 14</td></tr><tr><td>3</td><td>Joggers Park Viman Nagar</td></tr><tr><td>3</td><td>Jaiv Vividhata Udan Park</td></tr><tr><td>3</td><td>M. Bhaskar Shinde Park Bombay Sappers Colony Wadgaon Sheri</td></tr><tr><td>4</td><td>Lumbini Garden M.H.Board Yerwada Pune 6</td></tr><tr><td>4</td><td>Deshpremi Garden M.H. Board Yerwada Pune 6</td></tr><tr><td>4</td><td>Gajraj Garden M.H. Board Yerwada Pune 6</td></tr><tr><td>4</td><td>Jagdguru Mahshir Valmik Park Pratik Nagar Yerwada Pune 6</td></tr><tr><td>17</td><td>Joggers Park Viman Nagar</td></tr><tr><td>18</td><td>Nirank</td></tr><tr><td>19</td><td>Samaj Sevakpadam Vibushan Aana Hazare Park Anand Park Wadgaon Sheri</td></tr><tr><td>19</td><td>Kal Bhairav Nath Park Malwadi Wadgaon Sheri</td></tr></table>",
      "payToilets" : "<table class=budget><tr><th>ward</th><th>Address</th><th colspan=3>Seats</th></tr><tr><td></td><td></td><th>Female</th><th>Male</th><th>Total</th></tr><tr><td>2</td><td>Chandan Nagar Vegetable Market</td><td>5</td><td>4</td><td>9</td></tr><tr><td>2</td><td>Vethal Chowk Kharadi Gaon</td><td>6</td><td>6</td><td>12</td></tr><tr><td>2</td><td>Near Tithe Vasti School</td><td>5</td><td>4</td><td>9</td></tr><tr><td>3</td><td>Siddharth Nagar Slum</td><td>0</td><td>18</td><td>18</td></tr><tr><td>3</td><td>Near  Rokhde House, Vekfeild Slum</td><td>9</td><td>9</td><td>18</td></tr><tr><td>3</td><td>Near  Masjid , Vekfeild Slum</td><td>5</td><td>5</td><td>10</td></tr><tr><td>3</td><td>Pachva Mel Nagar Road</td><td>3</td><td>2</td><td>5</td></tr><tr><td>3</td><td>Near Scrap Shop Yamuna Nagar Slum</td><td>5</td><td>5</td><td>10</td></tr><tr><td>3</td><td>Near Jagdne'S House Yamuna Nagar Slum</td><td>10</td><td>10</td><td>20</td></tr><tr><td>3</td><td>Sanjay Park Slum</td><td>10</td><td>10</td><td>20</td></tr><tr><td>3</td><td>C.C.D Chowk Toilet</td><td>1</td><td>1</td><td>2</td></tr><tr><td>3</td><td>Chandan Nagar Vegetable Market Shivaji Statue Chowk</td><td>2</td><td>2</td><td>4</td></tr><tr><td>4</td><td>1St Lane Rambhaumoje Wines</td><td>10</td><td>9</td><td>19</td></tr><tr><td>4</td><td>Lane No. 4 Ashok General Stores</td><td>17</td><td>17</td><td>34</td></tr><tr><td>4</td><td>Lane In Front Of Shani Mandir</td><td>8</td><td>8</td><td>16</td></tr><tr><td>4</td><td>First Lane Near Masjid</td><td>5</td><td>5</td><td>10</td></tr><tr><td>4</td><td>Near Tatya Shelar House</td><td>5</td><td>5</td><td>10</td></tr><tr><td>4</td><td>Near Mane'S House</td><td>5</td><td>5</td><td>10</td></tr><tr><td>4</td><td>Near Nagpurchal Church</td><td>5</td><td>5</td><td>10</td></tr><tr><td>4</td><td>Near Wawre'S House</td><td>5</td><td>5</td><td>10</td></tr><tr><td>4</td><td>Shikre Chowk</td><td>5</td><td>5</td><td>10</td></tr><tr><td>4</td><td>In Front Of Deware Hospital</td><td>5</td><td>5</td><td>10</td></tr><tr><td>4</td><td>In Front Of Pawar'S House</td><td>5</td><td>5</td><td>10</td></tr><tr><td>4</td><td>Near Panchsheel Nagar Health Center</td><td>8</td><td>8</td><td>16</td></tr><tr><td>4</td><td>Near Panchsheel Dayawan Mitr Mandal</td><td>5</td><td>5</td><td>10</td></tr><tr><td>4</td><td>Backside Of Shrmik Vasahat Slum</td><td>10</td><td>10</td><td>20</td></tr><tr><td>4</td><td>Near Heeraman Mooje Nagar Slum Milk Processing Center</td><td>8</td><td>8</td><td>16</td></tr><tr><td>4</td><td>Near Shrmik Vasahat Pmc Health Center</td><td>11</td><td>4</td><td>15</td></tr><tr><td>4</td><td>Near Panchsheel Bodh Vihara</td><td>10</td><td>10</td><td>20</td></tr><tr><td>4</td><td>Near Kamgar Nagar Slum Balwadi</td><td>9</td><td>9</td><td>18</td></tr><tr><td>4</td><td>Near Jadav Nagar Balwadi</td><td>18</td><td>0</td><td>18</td></tr><tr><td>4</td><td>Backside Of Jadav Nagar Aazad Mitr Mandal</td><td>0</td><td>10</td><td>10</td></tr><tr><td>4</td><td>Backside Of Jadav Nagar Aazad Mitr Mandal</td><td>5</td><td>5</td><td>10</td></tr><tr><td>4</td><td>Panchsheel Durga Maata Mandir</td><td>0</td><td>20</td><td>20</td></tr><tr><td>17</td><td>In Front Of Gandhi Nagar School</td><td>10</td><td>10</td><td>20</td></tr><tr><td>17</td><td>Gandhi Nagar Durga Maata Mandir</td><td>5</td><td>5</td><td>10</td></tr><tr><td>17</td><td>Gandhi Nagar Masjid Lane</td><td>10</td><td>10</td><td>20</td></tr><tr><td>17</td><td>Gandhi Nagar Aakram Saloon</td><td>10</td><td>10</td><td>20</td></tr><tr><td>17</td><td>Gandhi Nagar Rivers Peti</td><td>10</td><td>10</td><td>20</td></tr><tr><td>17</td><td>Gandhi Nagar Pardi Lane</td><td>5</td><td>5</td><td>10</td></tr><tr><td>17</td><td>Jayprakash Nagar Sakat Lane</td><td>5</td><td>5</td><td>10</td></tr><tr><td>17</td><td>Backside Of Jayprakash Nagar Mauli Shop</td><td>5</td><td>5</td><td>10</td></tr><tr><td>17</td><td>Jayprakash Nagar Eigne Lane</td><td>10</td><td>10</td><td>20</td></tr><tr><td>17</td><td>Neetaji Nagar</td><td>21</td><td>0</td><td>21</td></tr><tr><td>17</td><td>Neetaji Nagar</td><td>14</td><td>0</td><td>14</td></tr><tr><td>17</td><td>Neetaji Nagar</td><td>12</td><td>0</td><td>12</td></tr><tr><td>17</td><td>Bhat Nagar Shri Krishn Mandir</td><td>0</td><td>15</td><td>15</td></tr><tr><td>17</td><td>Bhat Nagar Idli Lane</td><td>11</td><td>12</td><td>23</td></tr><tr><td>17</td><td>Bhat Nagar Vegetable Market</td><td>4</td><td>6</td><td>10</td></tr><tr><td>18</td><td>Ramwadi Gaonthan</td><td>10</td><td>10</td><td>20</td></tr><tr><td>18</td><td>Near Ramwadi Lokmanya School</td><td>10</td><td>10</td><td>20</td></tr><tr><td>19</td><td>Backside Of Umber Chowk Lonkar Vidhalaya</td><td>5</td><td>5</td><td>10</td></tr><tr><td>19</td><td>Vadgaon Sheri Gaonthan</td><td>5</td><td>5</td><td>10</td></tr></table>",
      "primarySchools" : "<table class=budget><tr><th>ward</th><th>School</th><th>Students</th><th>Address</th></tr><tr><td>2</td><td>K. Rajaram Bhiku Patare Prathmik Vidyalaya</td><td>181</td><td>Kharadi Gaon</td></tr><tr><td>2</td><td rowspan=3>Major General Arun Kumar Ved Prathmik Vidya Mandir</td><td>14</td><td rowspan=3>Khulewadi Pune.14</td></tr><tr><td></td><td>91 Girls Afternoon School</td></tr><tr><td></td><td>137 Boys Morning School</td></tr><tr><td>2</td><td rowspan=2>K. Hambariva Moje Prathmik Vidya Mandir</td><td>90 Girls. 102 Boys</td><td>Chandannagar</td></tr><tr><td></td><td>158 Boys Center School</td><td>Chandannagar</td></tr><tr><td>3</td><td>Subedar Ramji Maloji Ambedkar Vidyalaya</td><td>0</td><td>Ramwadi</td></tr><tr><td>4</td><td rowspan=4>Bahusaheb Appa Jadav Prathmik Vidyalaya</td><td>6 B Morning</td><td rowspan=4>Maadi Gate, Backside Of Yerwada Jail</td></tr><tr><td></td><td>6 B English Medium</td></tr><tr><td></td><td>23 B Urdu Medium</td></tr><tr><td></td><td>6 B Afternoon</td></tr><tr><td>4</td><td rowspan=3>Sant Gyaneshwar Prathmik Vidyalaya</td><td>51- B- Boys</td><td rowspan=3>Panchsheel Nagar Yerwada</td></tr><tr><td></td><td>52- B- Girls</td></tr><tr><td></td><td>44-G Girls Morning School</td></tr><tr><td>17</td><td rowspan=2>K. Babu Jagjivanram Prathmik School</td><td>18  Girls Morning School</td><td rowspan=2>Gandhi Nagar</td></tr><tr><td></td><td>01 Boys Afternoon School</td></tr><tr><td>17</td><td>Lahuji Vastad Salve E-Learning School</td><td></td><td>Yerwada Pune-6</td></tr><tr><td>18</td><td>Lokmanya Tilak Prathmik Vidyalaya</td><td>59 Girls English Medium</td><td>Ramwadi</td></tr><tr><td>19</td><td rowspan=2>Rashtrasant Acharya Anand Rushiji Prathmik Vidyalaya</td><td>99 Girls Morning School</td><td rowspan=2>Wadgaon Sheri Pune. 14</td></tr><tr><td></td><td>202 Boys Afternoon School</td></tr><tr><td>19</td><td>Lonkar Secondary And Higher Secondary School</td><td></td><td>Wadgaon Sheri Pune. 14</td></tr></table>",
      "publicToilets" : "<table class=budget><tr><th></th><th></th><th colspan=3>Seats</th></tr><tr><th>ward</th><td>Address</th><th>Female</th><th>Male</th><th>Total</th></tr><tr><td>3</td><td>Siddharth Nagar Slum</td><td>10</td><td>0</td><td>10</td></tr><tr><td>4</td><td>Near Panchsheel Nagar Bodh Vihar</td><td>2</td><td>1</td><td>3</td></tr><tr><td>4</td><td>Near Jadav Nagar Aazad Mitra Mandal</td><td>5</td><td>5</td><td>10</td></tr><tr><td>4</td><td>Jadav Nagar Public Toilet</td><td>5</td><td>5</td><td>10</td></tr></table>",
      "urinals" : "<table class=budget><tr><th>ward</th><th>Address</th><th colspan=3>Seats</th></tr><tr><td></td><td></td><td>Female</td><td>Male</td><td>Total</td></tr><tr><td>2</td><td>Near Nagar Road Darga</td><td>4</td><td>0</td><td>4</td></tr><tr><td>4</td><td>In Front Of Sant Gyaneshwar School</td><td>0</td><td>5</td><td>5</td></tr><tr><td>4</td><td>Near Valmiki Park</td><td>0</td><td>2</td><td>2</td></tr><tr><td>4</td><td>In Front Of Milind Bakery Tingre Nagar Fiber Urinals</td><td>0</td><td>2</td><td>2</td></tr><tr><td>4</td><td>In Front Of Kaikan Petrol Pump Tingre Nagar Fiber Urinals</td><td>0</td><td>2</td><td>2</td></tr><tr><td>4</td><td>In Front Of Kaikan Petrol Pump Tingre Nagar For Women</td><td>2</td><td>0</td><td>2</td></tr><tr><td>4</td><td>Senior Citizen Group, Yerwada Pune-6</td><td>2</td><td>5</td><td>7</td></tr><tr><td>17</td><td>Ramwadi Jagat Naka Nagar Road Pune</td><td>0</td><td>5</td><td>5</td></tr><tr><td>17</td><td>Near Ganesh Temple Kalyani Nagar</td><td>4</td><td>0</td><td>4</td></tr><tr><td>17</td><td>Shanti Rakshak Chowk, Yerwada Pune</td><td>0</td><td>2</td><td>2</td></tr><tr><td>17</td><td>Shastri Nagar M.S.E.B</td><td>2</td><td>2</td><td>4</td></tr><tr><td>18</td><td>Vadgaon Sheri Vegetable Market</td><td>3</td><td>4</td><td>7</td></tr></table>"
   },
   "Sahakarnagar" : {
      "govtToilets" : "<table class=budget><tr><th>ward</th><th>TYPE</th></tr><tr><td>57</td><td>19 toilets</td></tr><tr><td>66</td><td>7 toilets</td></tr><tr><td>67</td><td>Pay and Use-3</td></tr><tr><td></td><td>Public toilet - 11</td></tr><tr><td>68</td><td>21 toilets</td></tr></table>",
      "healthCentres" : "<table class=budget><tr><th>ward</th><th>NAME</th></tr><tr><td>67</td><td>Pote Dawakhana PMC</td></tr></table>",
      "parks" : "<table class=budget><tr><th>ward</th><th>Park</th></tr><tr><td>57</td><td>Sarasbaug</td></tr><tr><td>57</td><td>Ramchandra Tavare Udyan</td></tr><tr><td>57</td><td>Yashwantrao Chavan Udyan/Seven Wonders Park/ Aba Bagul Bagh</td></tr><tr><td>57</td><td>Sanas Sports Ground</td></tr><tr><td>66</td><td>Aruna Asaf Ali Udyan</td></tr><tr><td>66</td><td>Late Vitthabai Pujari Garden</td></tr><tr><td>67</td><td>Gadgil Udyan</td></tr><tr><td>67</td><td>Valvekar garden</td></tr><tr><td>68</td><td>Taljai PMC garden</td></tr><tr><td>68</td><td>Rajiwade Udyan</td></tr><tr><td>68</td><td>Jaywantrao Tilak Gulab Pushpa Udyan</td></tr><tr><td>68</td><td>Tulshibaug wale colony garden</td></tr></table>",
      "primarySchools" : "<table class=budget><tr><th>ward</th><th>NAME</th></tr><tr><td>57</td><td>Babasaheb Ambedkar Primary</td></tr><tr><td>57</td><td>Bhamre school</td></tr><tr><td>57</td><td>Pawar school, PMC school no. 106</td></tr><tr><td>66</td><td>Sant Namdev School</td></tr><tr><td>66</td><td>Sant Dgyandev School</td></tr><tr><td>67</td><td>V.S. Khandekar School, PMC school no. 125B</td></tr><tr><td>67</td><td>Rajiv Gandhi E-learning school</td></tr><tr><td>68</td><td>Rambhau Mhalagi, PMC school no. 111</td></tr></table>"
   },
   "Template" : {
      "govtToilets" : "",
      "healthCentres" : "",
      "parks" : "",
      "payToilets" : "",
      "primarySchools" : "",
      "publcOrPayToilets" : "",
      "publicToilets" : "",
      "urinals" : ""
   },
   "Tilak Road" : {
      "healthCentres" : "<table class=budget><tr><th>ward</th><th>Hospital/Dispensary</th><th>Address</th></tr><tr><td>52</td><td>Anandbai Gadgil Hospital</td><td>Dattawadi</td></tr><tr><td>55</td><td>K.H.B.P. Shantibai Khanderao Kadsare Hospital</td><td>Vadgaon Budruk</td></tr><tr><td>56</td><td>Pune Janta Hospital</td><td>Near water tank of Jantavashat</td></tr><tr><td>53</td><td>Kamla Devi Memorial Hospital</td><td>Suncity Road, Anand Nagar</td></tr><tr><td>53</td><td>Trimurti Hospital</td><td>Sinhagad Road</td></tr><tr><td>53</td><td>Karve Hospital</td><td>Sinhagad Road</td></tr><tr><td>53</td><td>Nerlikar Hospital</td><td>Sinhagad Road</td></tr><tr><td>53</td><td>Aashirwad Hospital</td><td>Sinhagad Road</td></tr></table>",
      "primarySchools" : "<table class=budget><tr><th>ward</th><th>School</th><th>Girls</th><th>Boys</th><th>Address</th></tr><tr><td>54</td><td>K. Narayan Nawale Prathmik School( 2 School)</td><td>56</td><td>80</td><td>Dattawadi</td></tr><tr><td>54</td><td>K. Vastad Haribhau Pokale Prathmik School( 2 School)</td><td>115</td><td>168</td><td>Hingne Khurd</td></tr><tr><td>54</td><td>K. Indumathi Ramachandran Devi</td><td>0</td><td>159</td><td>Vadgaon Dhayari</td></tr><tr><td>55</td><td>K  Shewantbai Namdev Dhanget Patil Prathmik School(3 Schools)</td><td>203(Eng) And 100</td><td>203</td><td>Vadgaon B</td></tr><tr><td>56</td><td>K. Sitaram Gavde Prathmik School(2 School)</td><td>5</td><td>124</td><td>Jantavasahat</td></tr><tr><td>52</td><td>K. B. G Jagtap Vidyalaya</td><td>56</td><td>80</td><td>Dattawadi</td></tr><tr><td>53</td><td>K.H.G Jagtap Prathmik Vidyalaya</td><td>115</td><td>168</td><td>Hingne Khurd</td></tr><tr><td>53</td><td>Olympic Veer Khashaba Jadhav Krida Niketan( 2 Schools)</td><td>80</td><td>80</td><td>Sarita Nagar</td></tr></table>",
      "publcOrPayToilets" : "<table class=budget><tr><th>ward</th><th>Block Number</th><th colspan=\"3\">Seat</th></tr><tr><td></td><td></td><td>Male</td><td>Female</td><td>Total</td></tr><tr><td>52</td><td>21</td><td>126</td><td>123</td><td>249</td></tr><tr><td>53</td><td>13</td><td>58</td><td>57</td><td>115</td></tr><tr><td>54</td><td>4</td><td>10</td><td>13</td><td>23</td></tr><tr><td>55</td><td>5</td><td>26</td><td>33</td><td>49</td></tr><tr><td>56</td><td>62</td><td>327</td><td>379</td><td>706</td></tr></table>",
      "urinals" : "<table class=budget><tr><th>ward</th><th>Block Number</th><th colspan=3>Seat</th></tr><tr><td></td><td></td><td>Male</td><td>Female</td><td>Total</td></tr><tr><td>52</td><td>3</td><td>8</td><td>0</td><td>8</td></tr><tr><td>53</td><td>2</td><td>2</td><td>0</td><td>2</td></tr><tr><td>54</td><td>4</td><td>4</td><td>3</td><td>7</td></tr><tr><td>55</td><td>2</td><td>4</td><td>3</td><td>7</td></tr><tr><td>56</td><td>4</td><td>8</td><td>0</td><td>8</td></tr></table>"
   },
   "Warje Karvenagar" : {
      "healthCentres" : "<table class=budget><tr><th>ward</th><th>PMC Health Centre</th></tr><tr><td>31</td><td>Ganeshpuri</td></tr><tr><td>32</td><td>Karvenagar Near Canal Road</td></tr><tr><td>32</td><td>Karvenagar Gosha Vasti</td></tr></table>",
      "parks" : "<table class=budget><tr><th>ward</th><th>Park</th></tr><tr><td>30</td><td>Arvind Ganpath Balkrishn Udyan</td></tr><tr><td>30</td><td>Saneshwari Park</td></tr><tr><td>31</td><td>Balekar Park</td></tr><tr><td>35</td><td>Kothrud</td></tr></table>",
      "payToilets" : "<table class=budget><tr><th>ward</th><th>Pay and  Use Toilet</th></tr><tr><td>31</td><td>Sulab 5 Vadi 1, Babuji Yuva Chowk 2</td></tr><tr><td>31</td><td>Achanak Chowk</td></tr><tr><td>31</td><td>Khan Vasti</td></tr><tr><td>31</td><td>Khan Vasti Shivaji Chowk</td></tr><tr><td>31</td><td>Near Vittal Mandir</td></tr><tr><td>32</td><td>Gosavi Vasti Lane 3 Near Datta Mandir</td></tr><tr><td>32</td><td>Karvenagar Canal Road, 7 Shivaji Chowk</td></tr><tr><td>32</td><td>Karvenagar Canal Road 6</td></tr><tr><td>32</td><td>Karvenagar Vikas Chowk, Near Rajabahu Barate Office</td></tr><tr><td>32</td><td>Gosavi Vasti , Behind Panchshi Mitr Mandal</td></tr><tr><td>32</td><td>Kamna Vasahat Goshavi Vasti</td></tr><tr><td>32</td><td>Karvenagar Navin Shivne Kadam Vasti</td></tr><tr><td>32</td><td>Near Buddha Mandir</td></tr><tr><td>32</td><td>Karvenagar Minal Corner Chowk</td></tr><tr><td>32</td><td>Karvenagar Canal Road 9</td></tr><tr><td>32</td><td>Karvenagar Lane 1</td></tr><tr><td>33</td><td>Happy Colony</td></tr><tr><td>33</td><td>Laxmi Nagar</td></tr><tr><td>33</td><td>Laxmi Nagar</td></tr><tr><td>33</td><td>Laxmi Nagar</td></tr><tr><td>33</td><td>Laxmi Nagar</td></tr><tr><td>33</td><td>Laxmi Nagar</td></tr><tr><td>33</td><td>Near Vashat</td></tr><tr><td>33</td><td>Near Vashat</td></tr><tr><td>33</td><td>Near Vashat</td></tr></table>",
      "primarySchools" : "<table class=budget><tr><th>ward</th><th>School</th></tr><tr><td>31</td><td>PMC School(Ramchandra Patlu Chaudary)</td></tr><tr><td>31</td><td>PMC School(Barate)</td></tr><tr><td>31</td><td>PMC School(Wanjale)</td></tr><tr><td>30</td><td>Digamberwadi School</td></tr></table>",
      "publicToilets" : "<table class=budget><tr><th>ward</th><th>Public Toilet</th></tr><tr><td>30</td><td>Near Marathwada College</td></tr><tr><td>30</td><td>Vdarvasti Public Toilet</td></tr><tr><td>30</td><td>Vdarvasti Survey No.58 Public Toilet</td></tr><tr><td>31</td><td>Public Toilet Ganeshpuri</td></tr><tr><td>35</td><td>10 Chal</td></tr><tr><td>35</td><td>Dashabhuja Ganpati</td></tr><tr><td>35</td><td>Flood Affected Area 3</td></tr><tr><td>35</td><td>Flood Affected Area 7</td></tr><tr><td>35</td><td>Flood Affected Area 7</td></tr><tr><td>35</td><td>Gandhi Lawns Slum</td></tr><tr><td>35</td><td>Slum</td></tr><tr><td>35</td><td>Tilekar Plot</td></tr></table>",
      "urinals" : "<table class=budget><tr><th>ward</th><th>Urinal</th></tr><tr><td>31</td><td>Bharat Colony Corner</td></tr><tr><td>31</td><td>Kalptarur</td></tr><tr><td>31</td><td>Anand Colony</td></tr></table>"
   },
   "Yerawda - Sangamwadi" : {
      "healthCentres" : "<table class=budget><tr><th>ward</th><th>Hospital/Dispensary</th></tr><tr><td>5</td><td>Kalas-Gavthan Hospital</td></tr><tr><td>16</td><td>Late Rajiv Gandhi Hospital ; Yerawada</td></tr><tr><td>16</td><td>Barmashell Hospital</td></tr></table>",
      "payToilets" : "<table class=budget><tr><th>ward</th><th>Pay and Use Toilets</th></tr><tr><td>1</td><td>Dhanori Gaon, Near Health Centre, Datta Nagar</td></tr><tr><td>1</td><td>Shramik Nagar Near Drainage, Sangeeta Chandane, Dhanori</td></tr><tr><td>1</td><td>Dhanori Gaon, Gavthan</td></tr><tr><td>1</td><td>Near Baudh Vihar, Barshell Slum</td></tr><tr><td>1</td><td>Kannad Lane, Barmashell Slum</td></tr><tr><td>1</td><td>Jilani Lane, Barmashell Slum</td></tr><tr><td>1</td><td>Laxman Vasti, Barmashell Slum</td></tr><tr><td>1</td><td>Masjid Lane. Barmashell Slum</td></tr><tr><td>5</td><td>Near Hanuman Temple, Kalas Gavthan</td></tr><tr><td>5</td><td>Near Vishrantwadi Crematorium, Vishrantwadi</td></tr><tr><td>5</td><td>In Front Of Goyal Classic Hou.Soc, Vishrantwadi Chavan Chawl</td></tr><tr><td>5</td><td>Near Dusane'S House, Kalas-Malwadi</td></tr><tr><td>5</td><td>Near Nagoba Temple, Kalas-Malwada</td></tr><tr><td>5</td><td>S.N 112 B Slum, Vishrantwadi</td></tr><tr><td>5</td><td>Near Bhimnagar Arch, Vishrantwadi</td></tr><tr><td>14</td><td>Madhyavasti, Bhimnagar, Vishrantwadi</td></tr><tr><td>14</td><td>Ekta Nagar Slum, Vishrantwadi</td></tr><tr><td>14</td><td>Near S.N 12 Jayshakti Mitra Mandal, Laxmi Nagar, Yerawada</td></tr><tr><td>14</td><td>Near, Late Gangolibai Rathod Mangl Karyalay</td></tr><tr><td>14</td><td>Beside Ramnagar Mountain, Yerawada</td></tr><tr><td>14</td><td>Near Ramnagar Dighe Vakhar, Yerawada</td></tr><tr><td>14</td><td>Near Ramnagar Dighe Vakhar, Yerawada</td></tr><tr><td>14</td><td>Near Dr. Shah Clinic, Jaijawan Nagar, Yerawada</td></tr><tr><td>14</td><td>S.N 14 In Front Of Ramnagar Mosque, Yerawada</td></tr><tr><td>14</td><td>S.N 14 Near Kranti Mitra Mandal, Ramnagar, Yerawada</td></tr><tr><td>14</td><td>S.N 14 Behind Shelar Flour Mill, Ramnagar</td></tr><tr><td>14</td><td>Shivshakti Mitra Mandal, Jayjavan Nagar, Yerawada</td></tr><tr><td>14</td><td>In Front Of Shreekrushna Temple, Jaijavan Nagar, Yerawada</td></tr><tr><td>14</td><td>Beside Grave Yard, Jaijavan Nagar</td></tr><tr><td>14</td><td>S.N 14 In Front Of Rekha Gholat'S House, Ramnagar, Yerawada</td></tr><tr><td>14</td><td>S.N 14 Vaid Provision Stores, Naiknagar, Yerawada</td></tr><tr><td>14</td><td>S.N 14 Near Ganesh Vakhar, Naiknagar, Yerawada</td></tr><tr><td>14</td><td>S.N 14 Near Baudh Vihar, Jaijavan Nagar, Yerawada</td></tr><tr><td>14</td><td>S.N 14 Chandani Chowk, Jaijavan Nagar, Yerawada</td></tr><tr><td>14</td><td>S.N 12 Laxminagar Bansode Chowk, Yerawada</td></tr><tr><td>14</td><td>S.N 12 Near Urdu School, Yerawada</td></tr><tr><td>14</td><td>S.N 12 In Front Of Gorakshnath Mitra Mandal, Laxminagar, Yerawada</td></tr><tr><td>14</td><td>Near Amruteshwar Temple, Jaijavan Nagar, Yerawada</td></tr><tr><td>14</td><td>Behind Amruteshwar Temple, Jaijavan Nagar, Yerawada</td></tr><tr><td>14</td><td>Behind Shrimal Hospital, Laxminagar Yerawada</td></tr><tr><td>14</td><td>S.N 12 Behind Urdu School, Laxminagar, Yerawada</td></tr><tr><td>14</td><td>S.N 12 Near Vir Lahuji Vastad Salve Hall, Laxminagar Yerawada</td></tr><tr><td>14</td><td>Beside More Std, Laxminagar, Yerawada</td></tr><tr><td>14</td><td>S.N 12 Sevak Chowk, Vadarvasti, Yerawada</td></tr><tr><td>14</td><td>S.N 12 Beside Gavli Gotha And Behind Sanjay Flour Mill, Yerawada</td></tr><tr><td>14</td><td>S.N 11 Purnakuti Paytha, Yerawada</td></tr><tr><td>14</td><td>In Front Of Jaishakti Mitra Mandal, Yerawada</td></tr><tr><td>14</td><td>Mother Teressa Nagar, Mashe Aali, Yerawada</td></tr><tr><td>14</td><td>Masjid Lane, Yerawada Gaon</td></tr><tr><td>14</td><td>S.N 152 Riverside Bridge, Yerawada</td></tr><tr><td>15</td><td>In Front Of Kamrajnagar Church, Yerawada</td></tr><tr><td>15</td><td>In Front Of Health Centre, Laxminagar</td></tr><tr><td>15</td><td>Behind Bhim Jyoti Sai Baba Mandir</td></tr><tr><td>15</td><td>Beside Taranga Mitra Mandal, Laxminagar</td></tr><tr><td>15</td><td>Beside Samta Balwadi, Laxminagar, Yerawada</td></tr><tr><td>15</td><td>Santosh Mitra Mandal, Laxminagar, Yerawada</td></tr><tr><td>15</td><td>Near Shreerammitra Mandal, Ashoknagar (Gents)</td></tr><tr><td>15</td><td>In Front Of Balwadi, Ashoknagar (Ladies)</td></tr><tr><td>15</td><td>In Front Of Balwadi, Ashoknagar (Gents)</td></tr><tr><td>15</td><td>Didar Bakery, Kamrajnagar, Yerawada</td></tr><tr><td>15</td><td>R.K Chowk, Laxminagar, Yerawada</td></tr><tr><td>15</td><td>Behind Sardarji Vakhar, Ganeshnagar, Yerawada</td></tr><tr><td>15</td><td>Zeda Chowk, Laxminagar, Yerawada</td></tr><tr><td>15</td><td>Near Baudh Vihar, Bansode Chowk, Yerawada</td></tr><tr><td>15</td><td>Sheshnag Mitra Mandal, Subhashnagar</td></tr><tr><td>15</td><td>Beside Friend Tailor, Subhashnagar</td></tr><tr><td>15</td><td>Behind Health Centre, Subhashnagar</td></tr><tr><td>15</td><td>Behind Vidyaniketan School, Subhasnagar</td></tr><tr><td>15</td><td>Behind Old Ward Office</td></tr><tr><td>15</td><td>Behind Taramati Cycle Mart, Yashwantnagar</td></tr><tr><td>15</td><td>Behind Nigde Flour Mill, Bhosale Vasti</td></tr><tr><td>15</td><td>Behind Vidyaniketan School, Subhasnagar</td></tr><tr><td>16</td><td>In Front Of Congress Kachehri, Adarsh Indiranagar</td></tr><tr><td>16</td><td>Beside Vaghmare'S House, Ganesh Temple Road, Adarsh Indiranagar</td></tr><tr><td>16</td><td>Adarsh Indiranagar Ganesh Temple Road</td></tr><tr><td>16</td><td>In Front Of Bharat Bakery, Suraksha Nagar</td></tr><tr><td>16</td><td>Bharatmagar Katarwadi</td></tr><tr><td>16</td><td>Beside Bharatnagar Balwadi</td></tr><tr><td>16</td><td>Near Shri Aai Mataji Provision Store, Bharatnagar</td></tr><tr><td>16</td><td>Bharatnagar Katarwadi</td></tr><tr><td>16</td><td>Beside Shantinagar Tank Road Bridge</td></tr><tr><td>16</td><td>Shantinagar Visarjan Ghat</td></tr><tr><td>16</td><td>Behind Munjaba Maruti Temple, Shantinagar</td></tr><tr><td>16</td><td>In Front Munjaba Maruti Temple, Shantinagar</td></tr><tr><td>16</td><td>Beside Bhim Sanghatna</td></tr><tr><td>16</td><td>Behind Balwadi, Shantinagar Nala</td></tr><tr><td>16</td><td>Beside Kartavya Gaksh Mahila Mandal, Shantinagar</td></tr><tr><td>16</td><td>Nanasaheb Parulekar, Alandi Road</td></tr></table>",
      "primarySchools" : "<table class=budget><tr><th>ward</th><th>School</th><th>Address</th></tr><tr><td>1</td><td>Genubhau Khese Primary Pmc School No. 41 B</td><td>Indiranagar, Lohegaon Road, Pune</td></tr><tr><td>1</td><td>Baburao Madhavrao Tingre,  Primary Pmc School No. 164 B</td><td>Dhanori</td></tr><tr><td>1</td><td>K. Vasantroa Anandrao Tingre Primary Pmc School No. 101 (Girls) And 156 (Boys)</td><td>Bhairavnagar</td></tr><tr><td>1</td><td>Dadaji Padal</td><td>Lahegaon</td></tr><tr><td>1</td><td>Saraswati Primary Pmc School No.102 B + 206 B</td><td>Vidyanagar</td></tr><tr><td>1</td><td>K.Genba Sopan Moze Secondary School</td><td>Vidyanagar</td></tr><tr><td>5</td><td>K.H.B.P Sitaram Devkar Primary Pmc School No. 170 B + 93 Boys Kalas</td><td>Pune-15</td></tr><tr><td>5</td><td>Vitthalrao Gadgil Primary Pmc School No. 118 +84 Boys</td><td>Vishrantwadi</td></tr><tr><td>5</td><td>Vidyaniketan Pmc School No. 17</td><td>Vishrantwadi, Pune 15</td></tr><tr><td>15</td><td>Anusayabai Primary Pmc School No 96 B +143 G Boys</td><td>Ganeshnagar, Yerawada, Pune 6</td></tr><tr><td>15</td><td>Acharya Atre Primary Pmc School No 51 G + 36 B Boys</td><td>Yerawada</td></tr><tr><td>15</td><td>Mahadev Dagdu Jadhav Primary Pmc School No. 109 B +72 G Boys</td><td>New Khadki, Yerawada, Pune</td></tr><tr><td>15</td><td>Netaji Subhashchandra Bose Secondary School</td><td>Yerawada, Pune 6</td></tr><tr><td>15</td><td>Yashwantrao Chavan Vidyaniketan Pmc School No 6</td><td>Yerawada, Pune 6</td></tr><tr><td>15</td><td>Yashwantrao Chavan English Medium</td><td>New Khadki, Yerawada, Pune 6</td></tr><tr><td>15</td><td>Bhaurao Patil High School Pmc</td><td>Yerawada, Pune 6</td></tr><tr><td>14</td><td>K.Genba Sopan Moze Primary Pmc School No. 48 B Boys +21 B+ 127 B + 86 G</td><td>Laxminagar, Yerawada, Pune 6</td></tr><tr><td>14</td><td>Hakim Ajmalkhan Urdu Secondary School</td><td>Laxminagar, Yerawada, Pune 6</td></tr><tr><td>14</td><td>Abdul Hamid Primary Urdu Pmc School No 129</td><td>Laxminagar, Yerawada, Pune 6</td></tr><tr><td>14</td><td>Colonel Young Primary Pmc School No 45 B, + 35 G</td><td>Parnakuti Chowk, Yerawada Chowk, Pune 6</td></tr><tr><td>14</td><td>Matoshree English Medium</td><td>Ramnagar, Yerawada, Pune 6</td></tr><tr><td>16</td><td>Ghate Primary Pmc School No 90 G + 50 B</td><td>Phulenagar, Yerawada, Pune 6</td></tr><tr><td>16</td><td>Ghate Primary Urdu Pmc School No 93 Boys</td><td>Yerawada, Pune 6</td></tr><tr><td>16</td><td>Dr. Nanasaheb Parulekar Secondary School</td><td>Yerawada Pune</td></tr></table>"
   }
}
