"Budget Code","Ward","Description","Allocation","Tender Amount","Contractor","Expeniture","PMC Status","Actual Status","Remarks","lng","lat","imgur"
"CE20A1196/C2-102","Aundh","tar roads on kotbagi hospital lane",4.00,3.20,"Devkar Earthmovers",3.20,"Complete","Left Unfinished","The work seems to have been left unfinished",73.804655,18.561623,"http://i.imgur.com/opfdMGO.jpg"
"CE20C406/C1-1001","Aundh","street lights in indira vasahat, jagdishnagar, indira lane and kasturba vasahat",4.00,3.00,"Karthik Electrics",2.90,"Complete","Left Unfinished","The work seems to have been left unfinished",73.814055,18.561196,"http://i.imgur.com/MnfVSsh.jpg"
"CE20C406/C1-1002","Aundh","lighting in kalamkar vasti",1.60,1.20,"Karthik Electrics",1.20,"Complete","Complete",,73.777301,18.558781,"http://i.imgur.com/ftUYBoI.jpg"
"RE20A302/C2-504","Aundh","painting and installing various welcome boards at haris bridge",2.00,1.40,"Abhijeet Gunzal",1.40,"Complete","Complete",,73.836234,18.574449,"http://i.imgur.com/zQi72hQ.jpg"
"RE20C302/C3-406","Aundh","street lights in gavthan and lagat",4.00,3.00,"Karthik Electrics",3.00,"Complete","Complete",,73.810578,18.564702,"http://i.imgur.com/A2jEIOR.jpg"
"RE20C302/C3-404","Aundh","replacing or repairing light signals in parihar chowk",2.00,0.00,"Traffic Dept",0.00,"Transferred to Traffic department","Complete",,73.809103,18.560639,"http://i.imgur.com/2axnpra.jpg"
"RE22C302/C4-302","Aundh","repairing public toilets near bopodi vegetable market",5.00,4.10,"P.G Patil And Co",4.00,"Complete","Left Unfinished","The work seems to have been left unfinished",73.835824,18.571115,"http://i.imgur.com/2L0uLxf.jpg"
"ZE16B130/C7-809","Kothrud","Setting up of drainage lines in Shastrinagar Laxminagar Slums , Shinde Chawl, Suraksha  Society, Trimurti Colony, Sutar Chawl.",4.00,4.00,"A.N. Associates",2.61,"1st phase","Work in progress",,73.802601,18.506174,
"CE20C406/C1-1010","Kothrud","Setting up street lights in the interior part of Gujrat Colony.",4.00,3.21,"Bhairavnath Electricals",3.21,"2nd phase ","Complete",,73.808576,18.506378,"http://i.imgur.com/6CAvihS.jpg"
"CE20A1196/C2-129","Kothrud","Setting up of paving blocks in Gujrat Colony area. ",4.00,2.93,"Santosh S Jhende","Not Available","Work order given","Work in progress",,73.808576,18.506378,"http://i.imgur.com/88lNelQ.jpg"
"CE20A1196/C2-121","Kothrud","Repairing of footpath and digging of sideways and concreting of Ramkrishna Paramhansnagar.",4.00,4.00,"A.N. Associates","Not Available","Work order given","Complete",,73.803504,18.508436,"http://i.imgur.com/VVhHXER.jpg"
"CE20C406/C1-1008","Kothrud","Changing of old street lights and fitting of new ones in Shivtirtha Nagar Area.",4.00,3.30,"City Electricals",3.25,"Last bill","Complete",,73.809117,18.50926,"http://i.imgur.com/Z8qux7C.jpg"
"CE20C406/C1-1014","Kothrud","Electrical works to be done in Ekta Colony, Gujrat Colony, Ideal Colony Nimbalkar Bagh.",4.00,3.03,"S. Square Electricals",3.03,"Last bill","Unsure","People  don’t know whether the work is done or not",73.816218,18.508142,
"CE20A1196/C2-126","Kothrud","Construction of an island in the Mayur Colony Chowk near Jitendra Abhisheki Garden Bandhan Society, Nimbalkar Bagh Chowk, Durga café.",4.00,"Not Available","Garden Group",1.78,"1st phase running","Work not started",,73.818221,18.506304,
"CE22A547/C4-602","Kothrud","Painting and furniture work to be done in Mamasaheb Mohol School Building.",4.00,3.25,"Kashinath Sitaram Kumavath",1.98,"1st phase ","Unsure","People  don’t know whether the work is done or not",73.820635,18.513761,
"CE20C406/C1-1006","Kothrud","Works related to electric and sound systems to be done in Mamasaheb Mohola School Electricity. ",4.00,2.80,"Sriram Enterprises",7.23,"Last bill","Unsure","People  don’t know whether the work is done or not",73.820635,18.513761,
"RE14B302/C5-313","Ghole Road","Repairing pay and use toilets near deccan sawarkar memorial ",5.00,"Not Available","Not Available",0.00,"Classification","Work not started",,73.840838,18.513142,"http://i.imgur.com/evvxLCp.jpg"
"RE20A302/C2-526","Ghole Road","Putting thermoplatic paint on roads in ghole road apte road area",5.00,3.90,"Sunrise Construction",3.45,"Work in progress","Complete",,73.844387,18.523354,"http://i.imgur.com/eokvKrT.jpg"
"RE20A302/C2-525","Ghole Road","Installing a bench in mahatma phule sangrahalaya ",5.00,4.60,"Sai Enterprises",4.57,"Complete","Complete",,73.845621,18.523536,"http://i.imgur.com/XpRxx1o.jpg"
"RE20C302/C1-411","Ghole Road","Installing lights from ghole road till shirke bungalow",5.00,"Not Available","Not Available",0.00,"Complete","Complete",,73.845305,18.523234,"http://i.imgur.com/EG9skO5.jpg"
"RE22C302/C4-322","Ghole Road","Repairing hall of lal bahadur shastri school",5.00,3.68,"Ramesh Aalgude",3.47,"Complete","Complete",,73.850935,18.522988,
"RE22C302/C4-323","Ghole Road","Repairing work of various buildings in pmc school no.14",5.00,3.69,"Ramesh Aalgude",3.47,"Complete","Complete",,73.850935,18.522988,
"RE20C302/C1-414","Ghole Road","Electricity related work in school no 14",5.00,3.14,"H. R Enterprises",1.64,"Complete","Complete",,73.850935,18.522988,
"RE14B302/C5-312","Ghole Road","Repairing pay and use toilets near ramoshiwadi",5.00,4.60,"Amar Balaji Construction",0.00,"Fourth Work order ","Unsure","People  don’t know whether the work is done or not",73.828622,18.528781,
"RE20C302/C1-419","Ghole Road","Underground cable in ramoshiwadi",5.00,3.25,"Bhimashankar Enterprises",2.59,"Work in progress","Unsure","People  don’t know whether the work is done or not",73.828622,18.528781,
"RE20C302/C1-415","Ghole Road","Underground cable in mangalwadi society",5.00,3.25,"Bhimashankar Enterprises",2.59,"Work in progress","Unsure","People  don’t know whether the work is done or not",73.827322,18.526006,
"RE20A302/C2-522","Ghole Road","Constructing tar road in front of d.b.s bank kharande road",5.00,4.50,"Danraj Asphalt Company",0.00,"Second Work order","Complete",,73.834964,18.531027,"http://i.imgur.com/IV0KDT6.jpg"
"RE20A302/C2-523","Ghole Road","Constructing footpath from om super market till marriot hotel",5.00,4.50,"Sri. Bhawani Construction",4.17,"Complete","Complete",,73.834134,18.532831,"http://i.imgur.com/2NTHyEU.jpg"
"RE14B302/C5-305","Ghole Road","Repairing toilets near janwadi",5.00,3.88,"Amit Enterprises",2.97,"Work in progress","Unsure","People  don’t know whether the work is done or not",73.829069,18.531704,
"RE22C302/C4-326","Ghole Road","Improvement related work in rajamantri park",5.00,"Not Available","Not Available",0.00,"Transferred to Park department","Work in progress",,73.832728,18.506316,
"RE 20A302C2/534","Warje Karvenagar","Concrete roadside pathi in the area of alankar police chowky and shailesh bridge",5.00,3.63,"Dvekar Earthmovers",3.26,"Complete","Complete",,73.825866,18.498042,"http://i.imgur.com/PDDsMzp.jpg"
"XE23A302/C7-416","Warje Karvenagar","Installing drainage line behind Vhadraman petrol pump",5.00,3.84,"Shri Sai Udyog",3.38,"Complete","Unsure","People  don’t know whether the work is done or not",73.8023,18.483224,
"XE23A302/C7-419 ","Warje Karvenagar","Installing drainage line behind shingad college",5.00,3.84,"Shri Sai Udyog",3.38,"Complete","Work in progress",,73.790318,18.487977,"http://i.imgur.com/BZXh4qO.jpg"
"RE22C301/W4-427","Warje Karvenagar","To construct safety wall of the Vanabai Baloba Barate Vidyalaya near Ramnagar warje",2.50,1.80,"Shri Sai Udyog",1.66,"Complete","Complete",,73.803076,18.475879,"http://i.imgur.com/9qtdfHx.jpg"
"RE22C301/C4-328","Warje Karvenagar","To construct a high commpound wall in Vanabai Baloba Barate Vidyalaya near Ramnagar warje",2.00,1.44,"Shri Sai Udyog",1.32,"Complete","Complete",,73.803076,18.475879,"http://i.imgur.com/Q9ef71C.jpg"
"RE22C302/C4-330","Warje Karvenagar","Paintaing, constructing platform in laboratory and other works in PMC Chaudhary school, warje",2.00,1.46,"Raj Construction",0.61,"Complete","Unsure","People  don’t know whether the work is done or not",73.80599,18.480475,
"CE20A1196/C2-135","Warje Karvenagar","To construct paver blocks in bramhchaitanya society",2.40,1.75,"Sai Udyog",0.64,"Complete","Complete",,73.809162,18.482918,"http://i.imgur.com/GeJk5AD.jpg"
"CE20C406/C1-1016","Warje Karvenagar","Electricity related works in bhrmachaitanya society",1.60,1.19,"Sneh Engi and Copration ",1.19,"Not Available","Unsure","People  don’t know whether the work is done or not",73.809162,18.482918,
"CE20A1196/C2-137","Warje Karvenagar","In tapodham area small road have to construted as a tremix concrete road",2.40,1.63,"Pradeep Tekwade",0.83,"Complete","Complete",,73.808835,18.479662,"http://i.imgur.com/J7p12ns.jpg"
"CE20A1196/C2-136","Warje Karvenagar","To construct tremix concrete roads and paver blocks in warje anand ekta colony",2.40,1.75,"Sai Udyog",0.64,"Complete","Work not started",,73.80556,18.479776,"http://i.imgur.com/cQ0TqBs.jpg"
"CE20A1196/C2-134","Warje Karvenagar","To construct tremix concrete road in eigle nagar area",2.40,1.63,"Pradeep Tekwade",0.83,"Complete","Complete",,73.810178,18.48327,"http://i.imgur.com/dVSpcJi.jpg"
"CE20C406/C1-1017","Warje Karvenagar","Led fitting in sargam society",1.60,1.19,"Sneh Engi and Copration ",1.19,"Not Available","Complete",,73.812674,18.483119,"http://i.imgur.com/el08RW5.jpg"
"ZE16B130/C7-811","Warje Karvenagar","To install drainage line in shahu colony ",1.30,1.20,"Ganesh Construction",1.24,"Complete","Complete",,73.817088,18.486375,
"CE20C406/C1-1020","Warje Karvenagar","Electricity related work in k bindu mahdav thackeray hospital ",4.00,2.94,"Sneh Engi and Copration ",2.69,"Complete","Work not started",,73.816875,18.496024,
"CE22A114/W4-1024","Warje Karvenagar","Development work in samrat ashok school",2.00,1.59,"Sunil Nikam",3.64,"Complete","Work in progress ",,73.815689,18.491127,
"RE22C302/C4-331","Warje Karvenagar","Improvement  related works in samrat ashok school",5.00,3.99,"Sunil Nikam",0.66,"Complete","Work in progress ",,73.815689,18.491127,
"CE22A547/C4-609","Warje Karvenagar","Work of slab waterproofing and other realted work on the 3rd floor of samrat ashok school",4.00,3.11,"Sri Nivas Rnterprises",2.51,"Complete","Unsure","People  don’t know whether the work is done or not",73.815689,18.491127,
"CE22A547/C4-610","Warje Karvenagar","To construct shed for ragpickers in an open plot in ghosavi vasti ",4.00,3.53,"Amol Hanmghar",3.52,"Complete","Complete",,73.817374,18.494866,"http://i.imgur.com/1XTMCAW.jpg"
"FE14A121/C5-1106","Warje Karvenagar","To construct rough shahabad stone in ghosavi vasti, kamna  vasahat, mavleaali and other declared slums",4.00,2.95,"Vijay Kalkeri",2.21,"Complete","Work not started",,73.817523,18.495125,
"RE14B302/C5-314","Warje Karvenagar","Taking care of slum public toilets in ghosavi vasti, mavleaali and other declared slums",5.00,4.99,"Shivraj Construction","Not Available","Complete","Work not started",,73.817523,18.495125,
"CE20A1196/C2-138","Warje Karvenagar","To construct concrete lane in dahanukar colony laxmi nagar vasahat",4.00,3.23,"Aayush Enterprises",0.15,"Complete","Complete",,73.811574,18.493145,"http://i.imgur.com/XhaLbAN.jpg"
"ZE16B130/C7-812","Warje Karvenagar","Replacing the old drainage line with the new one in dahanukar colony laxmi nagar vasahat",4.00,2.85,"Sandeep Enterprises",2.50,"Complete","Work not started",,73.811574,18.493145,
"CE20C406/C1-1022","Warje Karvenagar","Installing led  high master lights in dahanukar colony vikas mahamandal, tejas nagar area",4.00,2.84,"Sneh  Engi",2.79,"Complete","Complete",,73.812417,18.497743,"http://i.imgur.com/HocXMd8.jpg"
"CE20C406/C1-1021","Warje Karvenagar","Installing street lights in kothrud gaothan and chatrapati shivaji maharaj smarak chowk",4.00,2.83,"Sneh Engi ",2.80,"Complete","Complete",,73.811186,18.501651,"http://i.imgur.com/SWeXpRh.jpg"
"RE20A302/C2-532","Warje Karvenagar","Taking care of the roads and putting direction boards in kothrud gaothan area ",5.00,4.09,"Sri. Sidhi Savita Shinde",0.81,"Complete","Complete",,73.811186,18.501651,"http://i.imgur.com/xU9OWuw.jpg"
"RE20A302/C2-533","Warje Karvenagar","Construction of footpath in kothrud gaothan and in other areas too",5.00,3.61,"Sri Sadguru Krupa Developers",1.62,"20% Work in progress","Complete",,73.811186,18.501651,"http://i.imgur.com/GGXUVQW.jpg"
"RE20A302/C2-539","Dhole Patil","constructing and repairing footpath at mangaldas road, ruby hall, siddharth road and ahuja road",5.00,0.00,"R.D Singh",0.00,"Complete","Left Unfinished","The work seems to have been left unfinished",73.881284,18.534845,"http://i.imgur.com/uO4QBJf.jpg"
"RE20A302/C2-543","Dhole Patil","beautification works in kamla nehru hospital chowk, mangalwar peth",5.00,4.60,"Sachin Fabrication",3.70,"Complete","Left Unfinished","The work seems to have been left unfinished",73.861677,18.522587,"http://i.imgur.com/5NGD9qN.jpg?1"
"RE20C302/C1- 434","Dhole Patil","decorative light pols and fittings in in indira nagar vasahat, mangalwar peth",5.00,3.80,"M.S Electricals",1.00,"Complete","Complete",,73.863134,18.52443,"http://i.imgur.com/u7X3bFi.jpg?1"
"RE20C302/C1-430","Dhole Patil","street lights at mundhwa road",5.00,3.80,"Moreshwar Electricals",2.80,"Complete","Complete",,73.921334,18.533604,"http://i.imgur.com/WtiRsVl.jpg"
"RE20C302/C1-435","Dhole Patil","installing new fittings on foggy lights in the surrounding area of kumbharwada chowk to kasba kshetriya karaylay",5.00,3.80,"Tulza Enterprises",3.80,"Complete","Complete",,73.863186,18.52784,"http://i.imgur.com/RjiXJYx.jpg?1"
"RE20C302/C1-439","Dhole Patil","fittings and installing poles on divider from maldhakka chowk to old zp bhuyari marg",5.00,4.10,"Moreshwar Electricals",2.10,"Complete","Complete",,73.867313,18.525662,"http://i.imgur.com/cEx0mDw.jpg"
"RE22C302/C4-336","Dhole Patil","waiting shed for citizens on mundhwa dashkriya ghat",5.00,4.00,"Paresh Tupe",3.90,"Complete","Complete","Not sure whether its done in this budgeted year or not",73.931431,18.535438,"http://i.imgur.com/gxjwNhD.jpg?1"
"RE20A302/C2-537","Dhole Patil","contructing one side footpath and colouring it in koregaon park lane no 3",3.00,2.34,"Adarsh Construction",0.90,"Complete","Left Unfinished","The work seems to have been left unfinished",73.893037,18.539414,"http://i.imgur.com/YPlFq6U.jpg"
"RE20A302/C2-538","Dhole Patil","contructing one side footpath and colouring it in koregaon park lane no 2",2.00,1.56,"Adarsh Construction",0.60,"Complete","Left Unfinished","The work seems to have been left unfinished",73.890255,18.537847,"http://i.imgur.com/KZEM2P6.jpg?1"
"RE20A302/C2-562","Nagar Road","Installing the signal at Ishanaya Mall M 23 Chowk and M 27",5.00,"Not Available","Not Available","Not Available","Transferred to Traffic department","Work not started",,73.894971,18.557993,"http://i.imgur.com/ccWpqZ0.jpg"
"RE20A302/C2-566","Nagar Road","Concretization of the side Patti in front of Aga Khan Palace",5.00,4.44,"Pradeep Tkade",4.23,"Not Available","Work in progress",,73.902011,18.554101,"http://i.imgur.com/nHM7yPI.jpg"
"RE14B302/C5-332","Nagar Road","Repairing works of Triratna Sangh Samaj Mandir in front of Lubini Garden",5.00,4.24,"Nanaj Associates",4.24,"Complete","Complete",,73.896072,18.561419,"http://i.imgur.com/WXjsHu0.jpg"
"RE20A302/C2-563","Nagar Road","Concretization of street at Nagpur Chawl Jakaat Naaka",5.00,3.44,"Venkatesh Enterprises",3.44,"Complete","Complete",,73.894927,18.558473,
"RE14B302/C5-338","Nagar Road","Concretization of Road in front of Bhangaar Shop at Nagpur Chawl",5.00,3.29,"Shanker Rokhde",3.29,"Complete","Complete",,73.894927,18.558473,"http://i.imgur.com/LRT7LZi.jpg"
"RE20A302/C2-564","Nagar Road","Constructing footpath at Sound Avenue, Kalyaninagar",5.00,"Not Available","Not Available","Not Available","Tender cancelled","Work not started",,73.901941,18.546626,"http://i.imgur.com/T5yz1uc.jpg"
"RE20A302/C2-565","Nagar Road","To paint the parking areas of four wheelers, 2 wheelers and Zebra Crossing at Kalyaninagar",4.00,2.79,"Sunrise Construction",2.78,"Not Available","Unsure","Not sure whether the work is done in this budgeted year or not",73.901652,18.546606,"http://i.imgur.com/Tyjbvnb.jpg"
"RE20A302/C2-561","Nagar Road","Repairing the footpath till Inorbit Mall Park (Shubham)",3.00,1.79,"Tekwade Pradeep",1.36,"Not Available","Complete",,73.920259,18.561592,"http://i.imgur.com/JUXkIuS.jpg"
"RE20A302/C2-554","Nagar Road","To install signages showing the directions at Saimandir Chandannagar Area Bombay Sapiers Colony",2.50,1.61,"Sri.Siddhi",1.61,"Not Available","Complete",,73.929019,18.562102,"http://i.imgur.com/0xgNp40.jpg"
"RE20A302/C2-555","Nagar Road","Macadamisation of street at Saimandir Chandannagar Area Bombay Sappers",2.50,1.96,"Devkar Earthmovers",1.74,"Not Available","Complete",,73.929019,18.562102,"http://i.imgur.com/0pxX0pH.jpg"
"CE20A302/C2-141","Sangamwadi","constructing footpath at bhairavnagar, gokulnagar",4.00,2.90,"Shahikant Construction",2.90,"Complete","Complete","People  don’t know whether the work is done or not",73.888242,18.589351,"http://i.imgur.com/LPLkWMv.jpg?1"
"CE20A1196/C2-144","Sangamwadi","constructing footpath from kalas s.n 115 hotel banana leaf to s.n 120 ganga kalash soc",4.00,3.30,"Jyotika Construction",3.10,"Complete","Left Unfinished","The work seems to have been left unfinished",73.873816,18.58017,"http://i.imgur.com/cPQojis.jpg"
"RE20A302/C2-573","Sangamwadi","grouting and macadamisation in s.n 3311 road no 13 tingre road",5.00,4.10,"Vinod Jagtap",3.00,"Complete","Left Unfinished","The work seems to have been left unfinished",73.895282,18.577537,"http://i.imgur.com/nLUXBDZ.jpg?1"
"RE20A302/C2-574","Sangamwadi","installing direction boards at eknathnagar, bhimnagar, vaibhav colony, shantivan society ganeshnagar, ganpati visarjan ghat, chavan chawl",2.00,1.50,"M.G.C Bhandari",0.00,"Incomplete","Complete","Don't know whether work is done in this budget year or not",73.885168,18.576172,"http://i.imgur.com/TRvr4ZF.jpg"
"RE20A302/C2-576","Sangamwadi","installing paving blocks from vaibhav colony to eknathnagar",5.00,4.10,"Shri Yogesh Construction",3.90,"Complete","Left Unfinished","Not sure whether its done in this budgeted year or not",73.886482,18.576833,"http://i.imgur.com/vgfl50o.jpg?1"
"RE20A302/C2-578","Sangamwadi","constructing footpath from samruddhi hotel to nala",5.00,4.10,"Shri Yogesh Construction",4.10,"Complete","Complete",,73.882255,18.573963,"http://i.imgur.com/PXYaiKI.jpg?1"
"RE14B302/C5-348","Bhawani Peth","concreting in the area of chudaman talim and isntalling shahbad tiles",5.00,4.20,"S.T Dhotre",4.20,"Complete","Left Unfinished","The work seems to have been left unfinished",73.875767,18.508021,"http://i.imgur.com/IUYWNJ5.jpg"
"RE20A302/C2-586","Bhawani Peth","repairing toilets in front of padamji police chowki",2.00,1.70,"S.T Dhotre",0.90,"Complete","Work not started","Toilet does not exist",73.872115,18.510696,
"RE20A302/C2-587","Bhawani Peth","tar roads in padamji park area",5.00,4.10,"Dhanraj Asfalt",3.90,"Complete","Left Unfinished","The work seems to have been left unfinished",73.872902,18.510756,"http://i.imgur.com/BWmzhW1.jpg"
"RE20A302/C2-604","Bhawani Peth","tar road in ekbote colony",3.00,9.10,"Dhanraj Asfalt",3.00,"Complete","Complete",,73.86737,18.502619,"http://i.imgur.com/yMqhjDI.jpg"
"RE22C302/C4-258","Bhawani Peth","repairing arch in balaji temple",3.00,2.90,"Vinod Annarao Dhotre",0.00,"Incomplete","Left Unfinished","The work seems to have been left unfinished",73.871197,18.509679,"http://i.imgur.com/ksWTQpI.jpg"
"RE22C302/C4-357","Bhawani Peth","cleaning and beautification of bhawani peth police chowki compound",5.00,0.00,"Not Available",0.00,"Unknown","Left Unfinished","The work seems to have been left unfinished",73.868049,18.510589,"http://i.imgur.com/TxQbM9j.jpg"
"RE14B302/C8-351","Bhawani Peth","repairing toilets in front of nishant talkies",3.00,2.80,"Shri Bhawani Construction",1.70,"Complete","Left Unfinished","The work seems to have been left unfinished",73.87467,18.510904,"http://i.imgur.com/jUHB4aS.jpg"
"XE23A302/C7-443","Bhawani Peth","road widening, tar road and painting parking stripes from sheetaladevi chowk to timber market , gaikwad road and maharana pratap road",3.00,5.80,"Mohini Entreprises",1.30,"Complete","Left Unfinished","The work seems to have been left unfinished",73.868299,18.507634,"http://i.imgur.com/e99Y99m.jpg"
"RE22C302C4-366","Bhawani Peth","Installing toys in Kalmadi Udyaan",3.00,"Not Available","Not Available","Not Available","Transferred to Park department","Complete",,73.869918,18.511657,"http://i.imgur.com/OJnvMBd.jpg"
"RE20A302/C2-606","Kasba Vishrambaug wada","construting cement road from raja thakur path to gurudat sahvas",5.00,3.80,"Sai Laxmi Construct",0.00,"Incomplete","Left Unfinished","The work seems to have been left unfinished",73.853307,18.518344,"http://i.imgur.com/8W7hhqO.jpg"
"RE20A302/C2-607","Kasba Vishrambaug wada","contructing and repairing foot path on onkareshwar road",3.00,2.30,"Sai Laxmi Construct",2.30,"Incomplete","Left Unfinished","The work seems to have been left unfinished",73.853441,18.519288,"http://i.imgur.com/jhRQ2a4.jpg"
"RE20A302/C2-609","Kasba Vishrambaug wada","contructing and repairing foot path on kelkar road",4.00,2.90,"Sandeep Kadam",1.96,"Incomplete","Left Unfinished","The work seems to have been left unfinished",73.852267,18.516168,"http://i.imgur.com/5K8Do6L.jpg"
"RE20A302/C2-623","Kasba Vishrambaug wada","lowering the heights of the wall, making paving blocks, parking marks from bajirao road near vishnu chowk to chinmya ganpati chowk ",5.00,4.98,"Indrarudra Cons",4.98,"Incomplete","Left Unfinished","The work seems to have been left unfinished",73.85212,18.511249,"http://i.imgur.com/6VaUHA2.jpg"
"RE20C302/C1-457","Kasba Vishrambaug wada","repairing lights near kasba ganpati temple",0.00,0.00,"Not Available",0.00,"Incomplete","Left Unfinished","The work seems to have been left unfinished",73.857129,18.518964,"http://i.imgur.com/8Or7aCM.jpg"
"RE20C302/C1-460","Kasba Vishrambaug wada","lighting system in various lanes from  subhansha dargah to bohri aali.",3.00,2.30,"City Ele",2.30,"Complete","Left Unfinished","The work seems to have been left unfinished",73.859716,18.512758,"http://i.imgur.com/A73eth7.jpg"
"RE20C302/C1-467","Kasba Vishrambaug wada","installing street lights from hatti ganpati chowk to peru gate police chowki.",4.00,3.10,"City Ele",3.10,"Incomplete","Complete","Don't know whether work is done in this budget year or not",73.848402,18.511447,"http://i.imgur.com/YfcKk3g.jpg"
"RE22C302/C4-370","Kasba Vishrambaug wada","installing toys and play works in jijamata park for children ",5.00,0.00,"Not Available",0.00,"Transferred to Park department","Complete",,73.856989,18.518682,"http://i.imgur.com/tRJr6DF.jpg"
"RE22C302/C4-368","Kasba Vishrambaug wada","installling seats at bus stops of kesriwada, nmv and hujurpaga school, gakshinmukhi maruti, lele clinic, and installing a bus stop near mati ganpati",4.00,4.60,"Sachin Fabricators",4.20,"Complete","Left Unfinished","The work seems to have been left unfinished",73.853761,18.515446,"http://i.imgur.com/FFRgaSY.jpg"
"XE12B302/C6-214","Kasba Vishrambaug wada","installing water lines from gulabchand satranji chowk to mira datar dargah.",4.00,0.00,"Not Available",0.00,"Unknown","Left Unfinished","The work seems to have been left unfinished",73.861201,18.514203,"http://i.imgur.com/yWnDWdR.jpg"
"CE20A1196/C2-152","Tilak Road","To build RCC walls on the corners of the road from Shri Swami Samarth Math till C.Y.D.P school",4.00,3.10,"Amol Nathuram Hanmagar",0.00,"Not Available","Work in progress",,73.853396,18.499702,"http://i.imgur.com/5z0hpi5.jpg"
"CE20A1196/C2-156","Tilak Road","To complete half built RCC walls near the canal corner 7.5 meter along dp road",4.00,3.05,"Gyaneshwar Deshmukh Kans ",3.05,"Complete","Work not started",,73.853235,18.499469,"http://i.imgur.com/IQarTjY.jpg"
"CE22A547/ C4-613","Tilak Road","Channeling public toilets near dandekar bridge",1.60,1.51,"Prangel Enterprises",1.43,"Complete","Unsure","People  don’t know whether the work is done or not",73.846205,18.500125,
"FE14A121/C5-1109","Tilak Road","To construct a public toilet near dandekar bridge mangir baba chowk",2.40,2.22,"Mr. Girish ",2.15,"1st Phase Running","Work not started",,73.846239,18.503738,
"CE20C406/C1-1033","Tilak Road","Improving lighting system in hanuman nagar dattawadi lane",2.40,1.82,"M.City Electricals",1.82,"1st Phase ","Unsure","People  don’t know whether the work is done or not",73.842167,18.500919,"http://i.imgur.com/T5yz1uc.jpg"
"RE20302/C2-645","Tilak Road","To construct paver blocks from mhasoba temple  till bapu jadav's house",5.00,4.49,"Jakson Buildcon",3.03,"1st Phase Running","Work in progress",,73.839154,18.499896,"http://i.imgur.com/Tyjbvnb.jpg"
"CE22A547/C4-612","Tilak Road","To construct satinless steel bus stop in mhasoba chowk",4.00,3.19,"Nagesh Enterprises",2.75,"Complete","Complete",,73.839151,18.501289,"http://i.imgur.com/kxNFktQ.jpg"
"XE23A302/C7-460","Tilak Road","Installing drainage line in hanuman nagar dattawadi",5.00,4.27,"Shripal Shrivallabh Udyog",0.00,"Complete","Complete",,73.84031,18.5013,"http://i.imgur.com/2Mzqjd7.jpg"
"RE14B302/C5-365","Tilak Road","Constructing concrete roads in dandekar bridge lane",5.00,4.17,"Sangeeta Enterprises ",4.15,"1st Phase","Complete",,73.843827,18.499867,
"CE20C406/C1-1034","Tilak Road","Installing underground electricity cabels in dandekar bridge area",4.00,2.74,"M.City Electricals",2.68,"1st Phase Running","Unsure","People  don’t know whether the work is done or not",73.843827,18.499867,
"RE14B302/C5-364","Tilak Road","Constructing public toilets in panmala vasahat ",5.00,4.17,"Sangeeta Enterprises ",4.16,"1st Phase ","Complete",,73.841346,18.498158,"http://i.imgur.com/U1iK291.jpg"
"FE14A121/C5-1110","Tilak Road","Constructing concrete road in janta vasahat lane.",4.00,3.29,"A.G. Chavan",3.26,"Work in progress","Work not started",,73.838876,18.494174,
"RE14B302/C5-366","Tilak Road","Constructing drainage line and public toilets in janta vasahat ",5.00,4.17,"Sangeeta Enterprises ",4.16,"1st Phase","Unsure","People  don’t know whether the work is done or not",73.838876,18.494174,
"XE23A302/C7-461","Tilak Road","Repairing and constructing concrete roads and drainage chambers in 120/40 ganeshmla slum lane",5.00,4.10,"Shartak Enterprises",2.49,"Complete","Unsure","Not sure whether the work done in this budgeted year or not",73.83722,18.496587,
"RE20A302C2655","Sahakarnagar","Building a foothpath on both sides of the road from City International School till Shri Sant Namdev School",4.00,3.06,"Om Abhishek Enterprises",2.70,"Complete","Complete",,73.865898,18.492259,"http://i.imgur.com/jZXUnWT.jpg"
"RE20A302C2657","Sahakarnagar","Building a foothpath on both sides of Adarsh nagar Society",5.00,3.85,"Om Abhishek Enterprises",2.37,"Complete","Complete",,73.857798,18.489957,"http://i.imgur.com/emjzpkk.jpg"
"RE20A302C2656","Sahakarnagar","Building a foothpath on both sides of Premnagar and Ruturaj Society",5.00,3.83,"Om Abhishek Enterprises",3.37,"Complete","Complete",,73.86296,18.488174,"http://i.imgur.com/MxAOkU7.jpg"
"RE20A302C2662","Sahakarnagar","Building the bus stop in stainless steel in Laxminagar",3.00,2.43,"Sachin Fabrication",2.43,"Complete","Complete",,73.849769,18.492187,"http://i.imgur.com/HdT3SQv.jpg"
"RE20A302C2659","Sahakarnagar","Making benches in Khandki building work in Tulsibaugwale colony and Laxminagar area",5.00,4.50,"Shrikant Janardhan Thorat",4.50,"Complete","Complete",,73.848358,18.492643,"http://i.imgur.com/NVBathX.jpg"
"XE23A302C7471","Sahakarnagar","Repairing the chamber and drainage line and its concretisation in Laxminagar, Mahatma Phule vasti",5.00,3.90,"Shrikant Janardhan Thorat",3.07,"Complete","Complete",,73.847831,18.494433,"http://i.imgur.com/rJtbPgK.jpg"
"RE20A302C2661","Sahakarnagar","Making benches in Khandki building work in Taljai and Sahakarnagar no. 2 area",5.00,4.50,"Shrikant Janardhan Thorat",4.50,"Complete","Complete",,73.848464,18.489713,"http://i.imgur.com/rvpUAE7.jpg"
"RE22C302C4382","Hadapsar","Installing a stainless steel decorative bus stop at Handewadi road",5.00,4.11,"Rekon Construction",2.51,"Complete","Complete",,73.931214,18.479227,"http://i.imgur.com/CnyrSIs.jpg"
"RE20C302C1491","Hadapsar","Installing energy-saving fitting in Sayyednagar, lane no. 1 to 10",5.00,3.43,"Katrik Electricals",3.43,"Complete","Complete",,73.931895,18.48776,"http://i.imgur.com/sBWoacP.jpg"
"RE20C302C1492","Hadapsar","Installing energy-saving fitting in Sayyednagar, lane no. 11 to 28",5.00,3.43,"Katrik Electricals",3.43,"Complete","Complete",,73.931895,18.48776,"http://i.imgur.com/g6hAn9M.jpg"
"CE20C406C11045","Hadapsar","Installing a high mast pole in Hadapsar Gadital",1.60,1.20,"Kartik Electricals",1.12,"Clubbed with other work","Complete",,73.941021,18.500613,"http://i.imgur.com/pYxKxUb.jpg"
"CE20A1196C2167","Hadapsar","Concretisation at Gondhalenagar, survey no. 18",4.00,2.49,"B.S.K. Construction","Not Available","Work not done","Complete",,73.947411,18.494118,"http://i.imgur.com/Ok703qD.jpg"
"RE20A302C2664","Hadapsar","Fitting inter-locking in various lanes of Rahul colony",3.00,1.88,"Vikas Kale",1.88,"Complete","Complete",,73.946919,18.494847,"http://i.imgur.com/3Mde27r.jpg"
"ZE16B130C7821","Hadapsar","Installing a drainage line and fitting blocks in PMT depot premises",1.60,1.03,"Sachin Construction",1.03,"Complete","Complete",,73.938779,18.500177,"http://i.imgur.com/5qBGKfe.jpg"
"CE20A1196C2166","Hadapsar","Fitting 60 mm interlocking blocks at various places in Gadital area",1.60,0.99,"Vikas Kale",0.98,"Complete","Complete",,73.938779,18.500177,
"RE14B302C5380","Hadapsar","Repairing the pay and use toilet at Gadital",2.00,1.27,"Nilesh Tarwade Construction",1.27,"Complete","Complete",,73.938639,18.500303,"http://i.imgur.com/FPbeibj.jpg"
"FE14A121C51111","Hadapsar","Building a toilet and installing a drainage line and its concretisation behind Sane Guruji Hospital",4.00,"Not Available","Not Available","Not Available","R.G Expenditure","Complete",,73.93924,18.503041,"http://i.imgur.com/f4SWRG9.jpg"
"CE20A1196C2159","Hadapsar","Constructing a trimix road at Bhagirthinagar",4.00,2.58,"B.S. Construction",2.58,"Complete","Complete",,73.942732,18.507995,"http://i.imgur.com/hGgTiVK.jpg"
"CE22A547C4618","Hadapsar","Provision of Ghanta gadi in Gosawi vasti, Mhada colony",4.00,2.96,"Haremb Construction",2.94,"Complete","Complete",,73.944977,18.509847,"http://i.imgur.com/be8WW79.jpg"
"CE20A1196C2157","Hadapsar","Constructing a tar road, grouting it and doing related works on the road of Hignane Mala Visarjan ghat ",4.00,3.91,"Shri Sunshine Venture",3.91,"Complete","Complete",,73.931222,18.496777,"http://i.imgur.com/LVBfCF3.jpg"
"CE20A1196C2158","Hadapsar","Building a new mutha kalva wall and beautification by planting trees on Sasanenagar road",4.00,"Not Available","Not Available",4.00,"Garden department","Complete",,73.932577,18.494175,"http://i.imgur.com/bfyOhbc.jpg"
"ZE16B130C7819","Hadapsar","Installing a 12 inch drainage line in at Sasanenagar, lane no. 8",4.00,3.59,"Bhushan Enterprises",2.79,"Complete","Complete",,73.932022,18.492087,"http://i.imgur.com/UOFtxXt.jpg"
"XE23A302C7472","Hadapsar","Installing a drainage line in Kalepadal, survey no. 231",4.00,2.86,"Adarsh Construction",1.67,"Complete","Work in progress",,73.939016,18.488655,"http://i.imgur.com/w52sdbc.jpg"
"CE22A547C4617","Hadapsar","Building a Bodha Vihar Samaj Mandir in Mhada Colony",4.00,"Not Available","Not Available",4.00,"Complete","Complete",,73.926706,18.497206,"http://i.imgur.com/trwgf4O.jpg"
"CE20A1196C2170","Bibvewadi","Installing a storm water drain beside Vidya Niketan school, Bibwewadi",4.00,3.32,"Ashwini Construction","Not Available","Complete","Work in progress",,73.866507,18.471822,"http://i.imgur.com/e5thSoq.jpg"
"CE20A1196C2171","Bibvewadi","Asphalting the road from Vidya Niketan school till Papal vasti ",4.00,3.75,"Mohini Enterprises","Not Available","Work in progress","Work not started",,73.866793,18.472673,"http://i.imgur.com/ynWJ8cI.jpg"
"CE20C406C11048","Bibvewadi","Provision for lights on the road of Bhagali hospital area",4.00,3.34,"Tulja Enterprises",331893.17,"Work in progress","Work in progress","Bulbs are not fitted",73.857925,18.474782,"http://i.imgur.com/MHVHx0c.jpg"
"RE20A302C2669","Bibvewadi","Installing a paving block in the free space between Ota number 468 till 478",5.00,3.45,"Vikas Construction","Not Available","Complete","Complete",,73.860475,18.477255,"http://i.imgur.com/Y4njYI4.jpg"
"CE22A547C4623","Bibvewadi","Building a public library near the place near Bibwewadi 682/B, Achanak Mitramandal",4.00,2.91,"Dattatrya Papal","Not Available","Complete","Complete","Work was completed but then demolished",73.86037,18.477104,"http://i.imgur.com/skI5NKZ.jpg"
"RE14B302C5383","Bibvewadi","Concretisation of the lanes of Premnagar slums",5.00,3.50,"Akash Manmohan Kenjale","Not Available","Complete","Complete",,73.863116,18.486856,"http://i.imgur.com/kXTjErv.jpg"
"FE14A121C51113","Bibvewadi","Concretisation of the road outside Dr. Ambedkarnagar slum",4.00,2.98,"Ranndive Construction","Not Available","Work in progress","Complete",,73.866487,18.484006,"http://i.imgur.com/dDtB8iF.jpg"
"RE14B302C5382","Bibvewadi","Concretisation of Ambedkarnagar slum",5.00,3.87,"Ranndive Construction","Not Available","Work in progress","Complete",,73.866328,18.485208,"http://i.imgur.com/jtfAjM9.jpg"
"CE20A1196C2172","Bibvewadi","Installing a paving block in Hamalnagar area",4.00,2.79,"Shrikant Janardan Thorat","Not Available","Work in progress","Complete",,73.871508,18.481766,"http://i.imgur.com/gYdV8oO.jpg"
"RE20A302C2666","Bibvewadi","Constructing a footpath in Pitalenagar till Hidepark area and beautifying it",5.00,3.64,"Ambadam Maruti Patrigade","Not Available","Work in progress","Complete",,73.871244,18.486829,"http://i.imgur.com/NTMEZiw.jpg"
"RE20A302C2665","Bibvewadi","Asphalting roads in New Era society area",5.00,5.00,"Mohini Enterprises","Not Available","Work in progress","Complete",,73.874722,18.481909,"http://i.imgur.com/6va0h07.jpg"
"RE20A302C2670","Bibvewadi","Installing a paving block on the foothpath in Vasant Vihar Society area",5.00,3.45,"Vikas Construction",286851.52,"Complete","Complete",,73.865206,18.480759,"http://i.imgur.com/gN0MUAT.jpg"
"CE20C406C11047","Bibvewadi","Provision of lights in Bibwewadi Papal vasti, Prasad Bibwe Nagar and Samarth Society",4.00,3.00,"Sonhira Electric Company","Not Available","Complete","Complete",,73.8684,18.470128,"http://i.imgur.com/B7hS5Uc.jpg"
"XE23A302C7477","Bibvewadi","Installing a drainage line in Shivtejnagar area",5.00,4.65,"Shri Swami Samarth Enterprises","Not Available","Work in progress","Complete",,73.872247,18.468507,"http://i.imgur.com/DDxudlR.jpg"
"RE20C302C1498","Bibvewadi","Installing an electric pole at Shivtejnagar, 276 Ota",5.00,3.65,"S.N Electrical","Not Available","Complete","Complete",,73.86825,18.468527,"http://i.imgur.com/eL4eRDk.jpg"
"CE20A1196C2177","Dhankawadi","Concretisation of roads in Balajinagar behind Tai complex and concretisation in the lanes of Ganga apts, Godavari apts and fitting shahabad tiles",4.00,2.95,"Avishkar Rajendra Gholap",2.77,"Complete","Left Unfinished","Tiles are not fitted",73.860973,18.464923,"http://i.imgur.com/6Dj9sqM.jpg "
"FE14A121C51114","Dhankawadi","Building a public toilet opposite the Dhankawadi crematorium",4.00,3.53,"Dhuvtara Enterprises ","Not Available","Work order given","Work not started",,73.850692,18.4667,
"XE23A302C7481","Dhankawadi","Joining a monsoon line in survey no. 7 and Taljai patthar",5.00,4.09,"Dhuvtara Enterprises ",3.54,"Complete","Work in progress",,73.846573,18.471075,"http://i.imgur.com/Nga5sGC.jpg"
"CE22A547C4626","Dhankawadi","Building a PMT bus stop in Talji patthar, Ganpati mandir",1.60,1.57,"Jyotilingrag Eg",1.57,"Complete","Complete",,73.846952,18.468546,"http://i.imgur.com/2ZCJmGU.jpg"
"RE20A302C2682","Dhankawadi","Concretisation of the ground in survey no. 20, Anandnagar, Sukhsagarnagar part 2",3.00,2.92,"Dhuvtara Enterprises ",2.92,"Complete","Complete",,73.870603,18.452306,"http://i.imgur.com/rwy9Mw9.jpg"
"XE23A302C7491","Dhankawadi","Building a wall near the nala and increasing the corners in survey no. 20, Anandnagar",4.00,3.05,"Sayaji Infra Private Limited",3.05,"Complete","Complete",,73.870603,18.452306,"http://i.imgur.com/T2m1Lnv.jpg"
"CE20A1196C2188","Dhankawadi","Constructing a tar road in the inside road of Swami Samarth, Sukhsagarnagar part 2",4.00,3.77,"Mohini Enterprises",3.77,"Complete","Complete",,73.86928,18.451557,"http://i.imgur.com/6eUN9sB.jpg"
"RE22C302C4388","Dhankawadi","Repairing the Samajmandir of survey no. 666, Chaitraban vasti, Bibwewadi Appar vasti",2.00,1.97,"Dhuvtara Enterprises ",1.76,"Complete","Complete",,73.866731,18.461516,"http://i.imgur.com/loeQKSN.jpg"
"RE20A302C2688","Kondwa Wanorie","Building a foothpath from Greenfield to Ten Square",5.00,3.99,"Adarsh Construction","Not Available","Work order given","Work not started",,73.900658,18.502187,"http://i.imgur.com/ylf89uL.jpg"
"RE20A302C2690","Kondwa Wanorie","Building a foothpath on Shantinagar main road",5.00,3.55,"Santosh Pise",3.54,"Complete","Complete",,73.900044,18.489604,"http://i.imgur.com/KI5yGX2.jpg"
"RE20A302C2692","Kondwa Wanorie","Concretisation of lane no. 1, Shantinagar, survey no. 54/9",5.00,2.14,"Adarsh Construction",3.34,"Complete","Complete",,73.900564,18.490885,"http://i.imgur.com/pYBNFWX.jpg"
"RE20C302C1507","Kondwa Wanorie","Installing lights in Azadnagar, lane no. 10 and 11",5.00,4.09,"D.K. Electricals","Not Available","Work order given","Complete",,73.90672,18.48522,"http://imgur.com/UCRHoHe"
"RE20C302C1509","Kondwa Wanorie","Installing a highmask light in front of the gate of Salunke Vihar Society, Salunke Vihar road, Kondhwa Khurd",5.00,4.30,"M.S. Electrical",4.19,"Complete","Complete",,73.904671,18.481227,"http://i.imgur.com/vcYgNbH.jpg"
"RE20A302C2693","Kondwa Wanorie","Constructing a footpath in Sahyadri park area, Kondhwa Khurd, Salunke Vihar road, behind Badhai sweets",5.00,3.44,"Adarsh Construction",2.78,"Complete","Complete",,73.900047,18.480374,"http://i.imgur.com/9Dd21C9.jpg"
"RE20C302C1508","Kondwa Wanorie","Installing a highmask light near Lonkar vasti, in front of Roz Parade Society, NIBM road, Kondhwa Khurd ",5.00,4.31,"M.S. Electrical",4.17,"Complete","Complete",,73.901096,18.47834,"http://i.imgur.com/orUsFqu.jpg"
"RE20C302C1511","Kondwa Wanorie","Installing a highmask light beside the public toilet at Sidharthnagar, NIBM road, Kondhwa Khurd",5.00,4.42,"D.K. Electricals",4.38,"Complete","Complete",,73.904344,18.478459,"http://i.imgur.com/Husofeq.jpg"
"RE20A302C2700","Kondwa Wanorie","Asphalting the roads in Kondhwa Budrukh",5.00,3.95,"Trimurti Stone Metal Company","Not Available","Work order given","Complete",,73.889063,18.470364,"http://i.imgur.com/1HCtgYd.jpg"
"RE20A302C2703","Kondwa Wanorie","Asphalting the roads in Kakade vasti",5.00,3.99,"T.G. Dhamani",3.99,"Complete","Complete",,73.87755,18.46464,"http://i.imgur.com/mNYtdtM.jpg"
"RE20A302C2695","Kondwa Wanorie","Fitting an inter-locking block from Kondhwa-Katraj road till the road going to Pramod Tilekar's house",5.00,3.36,"Nirmal Construction",3.33,"Complete","Complete",,73.888315,18.453568,"http://i.imgur.com/acQl9tF.jpg"
"RE22C302C4388","Dhankawadi","Repairing the Samajmandir of survey no. 666, Chaitraban vasti, Bibwewadi Appar vasti",2.00,1.97,"Dhuvtara Enterprises ",1.76,"Complete","Complete",,73.866731,18.461516,"http://imgur.com/loeQKSN"
